-- V2602241720__dumpData.sql
-- users
--   auth_accounts - 모든 비밀번호 : test12345678
--   bookmarks
--   comments
--   contents
--   tags
--   user_preferred_tags
--   content_tags
--   video_files
--   videos
--   watch_histories

-- 외래 키 무결성 체크 해제 (TRUNCATE 오류 방지)
SET FOREIGN_KEY_CHECKS = 0;

-- 1. TRUNCATE TABLE 진행
TRUNCATE TABLE watch_histories;
TRUNCATE TABLE comments;
TRUNCATE TABLE bookmarks;
TRUNCATE TABLE video_files;
TRUNCATE TABLE videos;
TRUNCATE TABLE content_tags;
TRUNCATE TABLE contents;
TRUNCATE TABLE user_preferred_tags;
TRUNCATE TABLE tags;
TRUNCATE TABLE auth_accounts;
TRUNCATE TABLE users;

-- 2. INSERT 데이터 삽입

-- [1] users (회원 정보)
INSERT INTO users (user_id, nickname, profile_image, user_role, user_status, created_at, updated_at) VALUES
(1, 'test1', 'https://picsum.photos/seed/user1/200/200', 'ADMIN', 'ACTIVE', '2026-01-01 10:00:00', '2026-01-01 10:00:00'),
(2, 'test2', 'https://picsum.photos/seed/user2/200/200', 'USER', 'ACTIVE', '2026-01-02 11:30:00', '2026-01-02 11:30:00'),
(3, 'test3', 'https://picsum.photos/seed/user3/200/200', 'USER', 'ACTIVE', '2026-01-03 14:20:00', '2026-01-03 14:20:00'),
(4, 'test4', 'https://picsum.photos/seed/user4/200/200', 'USER', 'ACTIVE', '2026-01-04 09:15:00', '2026-01-04 09:15:00'),
(5, 'test5', 'https://picsum.photos/seed/user5/200/200', 'USER', 'ACTIVE', '2026-01-05 16:45:00', '2026-01-05 16:45:00'),
(6, 'test6', 'https://picsum.photos/seed/user6/200/200', 'USER', 'INACTIVE', '2026-01-06 20:10:00', '2026-02-01 10:00:00'),
(7, 'test7', 'https://picsum.photos/seed/user7/200/200', 'USER', 'ACTIVE', '2026-01-07 08:05:00', '2026-01-07 08:05:00'),
(8, 'test8', 'https://picsum.photos/seed/user8/200/200', 'USER', 'ACTIVE', '2026-01-08 19:30:00', '2026-01-08 19:30:00'),
(9, 'test9', 'https://picsum.photos/seed/user9/200/200', 'USER', 'ACTIVE', '2026-01-09 12:50:00', '2026-01-09 12:50:00'),
(10, 'test10', 'https://picsum.photos/seed/user10/200/200', 'USER', 'DELETED', '2026-01-10 15:20:00', '2026-02-15 09:00:00');

-- [2] auth_accounts (로그인 수단)
INSERT INTO auth_accounts (auth_account_id, user_id, auth_provider, auth_provider_subject, email, password_hash, created_at) VALUES
(1, 1, 'EMAIL', 'test1@example.com', 'test1@example.com', '$2a$10$I.MLXBOlJ2G4SckoFzI7xuLw8Leif4Xr/bwK23WkGvyc8e4cWca.2', '2026-01-01 10:00:00'),
(2, 2, 'EMAIL', 'test2@example.com', 'test2@example.com', '$2a$10$I.MLXBOlJ2G4SckoFzI7xuLw8Leif4Xr/bwK23WkGvyc8e4cWca.2', '2026-01-02 11:30:00'),
(3, 3, 'EMAIL', 'test3@example.com', 'test3@example.com', '$2a$10$I.MLXBOlJ2G4SckoFzI7xuLw8Leif4Xr/bwK23WkGvyc8e4cWca.2', '2026-01-03 14:20:00'),
(4, 4, 'EMAIL', 'test4@example.com', 'test4@example.com', '$2a$10$I.MLXBOlJ2G4SckoFzI7xuLw8Leif4Xr/bwK23WkGvyc8e4cWca.2', '2026-01-04 09:15:00'),
(5, 5, 'EMAIL', 'test5@example.com', 'test5@example.com', '$2a$10$I.MLXBOlJ2G4SckoFzI7xuLw8Leif4Xr/bwK23WkGvyc8e4cWca.2', '2026-01-05 16:45:00'),
(6, 6, 'EMAIL', 'test6@example.com', 'test6@example.com', '$2a$10$I.MLXBOlJ2G4SckoFzI7xuLw8Leif4Xr/bwK23WkGvyc8e4cWca.2', '2026-01-06 20:10:00'),
(7, 7, 'EMAIL', 'test7@example.com', 'test7@example.com', '$2a$10$I.MLXBOlJ2G4SckoFzI7xuLw8Leif4Xr/bwK23WkGvyc8e4cWca.2', '2026-01-07 08:05:00'),
(8, 8, 'EMAIL', 'test8@example.com', 'test8@example.com', '$2a$10$I.MLXBOlJ2G4SckoFzI7xuLw8Leif4Xr/bwK23WkGvyc8e4cWca.2', '2026-01-08 19:30:00'),
(9, 9, 'EMAIL', 'test9@example.com', 'test9@example.com', '$2a$10$I.MLXBOlJ2G4SckoFzI7xuLw8Leif4Xr/bwK23WkGvyc8e4cWca.2', '2026-01-09 12:50:00'),
(10, 10, 'EMAIL', 'test10@example.com', 'test10@example.com', '$2a$10$I.MLXBOlJ2G4SckoFzI7xuLw8Leif4Xr/bwK23WkGvyc8e4cWca.2', '2026-01-10 15:20:00');

-- [3] tags (콘텐츠 태그 마스터)
INSERT INTO tags (tag_id, name, is_active, created_at, type) VALUES
(1, '액션', TRUE, '2026-01-01 09:00:00', 'GENRE'),
(2, '로맨스', TRUE, '2026-01-01 09:00:00', 'GENRE'),
(3, '스릴러', TRUE, '2026-01-01 09:00:00', 'GENRE'),
(4, '코미디', TRUE, '2026-01-01 09:00:00', 'GENRE'),
(5, 'SF', TRUE, '2026-01-01 09:00:00', 'GENRE'),
(6, '판타지', TRUE, '2026-01-01 09:00:00', 'GENRE'),
(7, '영화', TRUE, '2026-01-01 09:00:00', 'CATEGORY'),
(8, 'TV드라마', TRUE, '2026-01-01 09:00:00', 'CATEGORY'),
(9, '예능', TRUE, '2026-01-01 09:00:00', 'CATEGORY'),
(10, '다큐멘터리', TRUE, '2026-01-01 09:00:00', 'CATEGORY');

-- [4] user_preferred_tags (유저 선호 태그 - 3~5개씩 매핑)
INSERT INTO user_preferred_tags (user_preferred_tags_id, user_id, tag_id, created_at) VALUES
(1, 1, 1, '2026-01-11 10:00:00'), (2, 1, 3, '2026-01-11 10:01:00'), (3, 1, 5, '2026-01-11 10:02:00'), (4, 1, 7, '2026-01-11 10:03:00'),
(5, 2, 2, '2026-01-12 11:30:00'), (6, 2, 4, '2026-01-12 11:31:00'), (7, 2, 7, '2026-01-12 11:32:00'), (8, 2, 9, '2026-01-12 11:33:00'),
(9, 3, 1, '2026-01-13 14:20:00'), (10, 3, 2, '2026-01-13 14:21:00'), (11, 3, 3, '2026-01-13 14:22:00'),
(12, 4, 5, '2026-01-14 09:15:00'), (13, 4, 6, '2026-01-14 09:16:00'), (14, 4, 7, '2026-01-14 09:17:00'), (15, 4, 8, '2026-01-14 09:18:00'),
(16, 5, 1, '2026-01-15 16:45:00'), (17, 5, 4, '2026-01-15 16:46:00'), (18, 5, 9, '2026-01-15 16:47:00'), (19, 5, 10, '2026-01-15 16:48:00'),
(20, 6, 2, '2026-01-16 20:10:00'), (21, 6, 3, '2026-01-16 20:11:00'), (22, 6, 5, '2026-01-16 20:12:00'), (23, 6, 7, '2026-01-16 20:13:00'), (24, 6, 8, '2026-01-16 20:14:00'),
(25, 7, 1, '2026-01-17 08:05:00'), (26, 7, 6, '2026-01-17 08:06:00'), (27, 7, 7, '2026-01-17 08:07:00'),
(28, 8, 3, '2026-01-18 19:30:00'), (29, 8, 4, '2026-01-18 19:31:00'), (30, 8, 5, '2026-01-18 19:32:00'),
(31, 9, 1, '2026-01-19 12:50:00'), (32, 9, 2, '2026-01-19 12:51:00'), (33, 9, 5, '2026-01-19 12:52:00'), (34, 9, 6, '2026-01-19 12:53:00'),
(35, 10, 4, '2026-01-10 15:20:00'), (36, 10, 7, '2026-01-10 15:21:00'), (37, 10, 8, '2026-01-10 15:22:00'), (38, 10, 9, '2026-01-10 15:23:00'), (39, 10, 10, '2026-01-10 15:24:00');

-- [5] contents (콘텐츠 메타데이터) - 실제 접속 가능한 썸네일 적용
INSERT INTO contents (content_id, type, title, description, thumbnail_url, status, total_view_count, bookmark_count, uploader_id, access_level, created_at, updated_at) VALUES
(1, 'SERIES', '오징어 게임', '{"summary": "456억원 상금이 걸린 서바이벌", "release": "2021-09-17", "director": "황동혁", "actor": "이정재, 박해수, 정호연"}', 'https://picsum.photos/seed/content1/800/600', 'ACTIVE', 150000, 1500, 1, 'BASIC', '2026-01-20 10:00:00', '2026-01-20 10:00:00'),
(2, 'SINGLE', '기생충', '{"summary": "반지하 가족과 부잣집 가족의 만남", "release": "2019-05-30", "director": "봉준호", "actor": "송강호, 이선균, 조여정"}', 'https://picsum.photos/seed/content2/800/600', 'ACTIVE', 20000, 300, 1, 'FREE', '2026-01-21 11:00:00', '2026-01-21 11:00:00'),
(3, 'SINGLE', '범죄도시', '{"summary": "괴물형사 마석도의 소탕 작전", "release": "2017-10-03", "director": "강윤성", "actor": "마동석, 윤계상"}', 'https://picsum.photos/seed/content3/800/600', 'ACTIVE', 12000, 100, 1, 'BASIC', '2026-01-21 14:30:00', '2026-01-21 14:30:00'),
(4, 'SINGLE', '인터스텔라', '{"summary": "우주로 향한 인류의 희망을 찾아서", "release": "2014-11-06", "director": "크리스토퍼 놀란", "actor": "매튜 맥커너히, 앤 해서웨이"}', 'https://picsum.photos/seed/content4/800/600', 'ACTIVE', 30000, 600, 1, 'BASIC', '2026-01-22 09:15:00', '2026-01-22 09:15:00'),
(5, 'SINGLE', '어바웃 타임', '{"summary": "시간 여행을 할 수 있는 남자의 로맨스", "release": "2013-12-05", "director": "리차드 커티스", "actor": "돔놀 글리슨, 레이첼 맥아담스"}', 'https://picsum.photos/seed/content5/800/600', 'ACTIVE', 9500, 80, 1, 'FREE', '2026-01-22 16:45:00', '2026-01-22 16:45:00'),
(6, 'SINGLE', '극한직업', '{"summary": "낮에는 치킨장사, 밤에는 잠복근무", "release": "2019-01-23", "director": "이병헌", "actor": "류승룡, 이하늬, 진선규"}', 'https://picsum.photos/seed/content6/800/600', 'ACTIVE', 22000, 350, 1, 'FREE', '2026-01-23 18:00:00', '2026-01-23 18:00:00'),
(7, 'SINGLE', '아바타: 물의 길', '{"summary": "판도라 행성의 새로운 위협", "release": "2022-12-14", "director": "제임스 카메론", "actor": "조 샐다나, 샘 워싱턴"}', 'https://picsum.photos/seed/content7/800/600', 'ACTIVE', 11000, 200, 2, 'UPLUS', '2026-01-24 10:20:00', '2026-01-24 10:20:00'),
(8, 'SINGLE', '타이타닉', '{"summary": "침몰하는 배 위에서의 세기의 로맨스", "release": "1998-02-20", "director": "제임스 카메론", "actor": "레오나르도 디카프리오, 케이트 윈슬렛"}', 'https://picsum.photos/seed/content8/800/600', 'ACTIVE', 18000, 450, 3, 'BASIC', '2026-01-24 14:00:00', '2026-01-24 14:00:00'),
(9, 'SINGLE', '인셉션', '{"summary": "타인의 꿈속에 침투해 생각을 훔친다", "release": "2010-07-21", "director": "크리스토퍼 놀란", "actor": "레오나르도 디카프리오, 조셉 고든 레빗"}', 'https://picsum.photos/seed/content9/800/600', 'ACTIVE', 25000, 500, 4, 'BASIC', '2026-01-25 11:10:00', '2026-01-25 11:10:00'),
(10, 'SINGLE', '매트릭스', '{"summary": "인류를 지배하는 가상현실 속에서의 각성", "release": "1999-05-15", "director": "워쇼스키 형제", "actor": "키아누 리브스, 캐리앤 모스"}', 'https://picsum.photos/seed/content10/800/600', 'ACTIVE', 14000, 300, 5, 'FREE', '2026-01-25 16:30:00', '2026-01-25 16:30:00'),
(11, 'SINGLE', '다크 나이트', '{"summary": "배트맨과 조커의 최후의 대결", "release": "2008-08-06", "director": "크리스토퍼 놀란", "actor": "크리스찬 베일, 히스 레저"}', 'https://picsum.photos/seed/content11/800/600', 'ACTIVE', 32000, 700, 6, 'BASIC', '2026-01-26 09:40:00', '2026-01-26 09:40:00'),
(12, 'SINGLE', '반지의 제왕', '{"summary": "절대반지를 파괴하기 위한 여정", "release": "2001-12-31", "director": "피터 잭슨", "actor": "일라이저 우드, 이안 맥켈런"}', 'https://picsum.photos/seed/content12/800/600', 'ACTIVE', 28000, 650, 7, 'UPLUS', '2026-01-26 13:50:00', '2026-01-26 13:50:00'),
(13, 'SINGLE', '어벤져스', '{"summary": "지구를 구하기 위한 슈퍼히어로들의 결성", "release": "2012-04-26", "director": "조스 웨던", "actor": "로버트 다우니 주니어, 크리스 에반스"}', 'https://picsum.photos/seed/content13/800/600', 'ACTIVE', 40000, 800, 8, 'BASIC', '2026-01-27 15:15:00', '2026-01-27 15:15:00'),
(14, 'SINGLE', '해리포터', '{"summary": "마법학교 호그와트에서의 모험", "release": "2001-12-14", "director": "크리스 콜럼버스", "actor": "다니엘 래드클리프, 엠마 왓슨"}', 'https://picsum.photos/seed/content14/800/600', 'ACTIVE', 35000, 750, 9, 'BASIC', '2026-01-27 19:20:00', '2026-01-27 19:20:00'),
(15, 'SINGLE', '스파이더맨', '{"summary": "친절한 이웃 스파이더맨의 탄생", "release": "2002-05-03", "director": "샘 레이미", "actor": "토비 맥과이어, 커스틴 던스트"}', 'https://picsum.photos/seed/content15/800/600', 'ACTIVE', 21000, 400, 10, 'FREE', '2026-01-28 10:00:00', '2026-01-28 10:00:00');

-- [6] content_tags (콘텐츠 - 태그 매핑, 콘텐츠 당 최소 2~3개)
INSERT INTO content_tags (content_tags_id, content_id, tag_id, created_at) VALUES
(1, 1, 3, '2026-01-20 10:05:00'), (2, 1, 8, '2026-01-20 10:06:00'),
(3, 2, 3, '2026-01-21 11:05:00'), (4, 2, 7, '2026-01-21 11:06:00'),
(5, 3, 1, '2026-01-21 14:35:00'), (6, 3, 4, '2026-01-21 14:36:00'), (7, 3, 7, '2026-01-21 14:37:00'),
(8, 4, 5, '2026-01-22 09:20:00'), (9, 4, 7, '2026-01-22 09:21:00'),
(10, 5, 2, '2026-01-22 16:50:00'), (11, 5, 7, '2026-01-22 16:51:00'),
(12, 6, 1, '2026-01-23 18:05:00'), (13, 6, 4, '2026-01-23 18:06:00'), (14, 6, 7, '2026-01-23 18:07:00'),
(15, 7, 5, '2026-01-24 10:25:00'), (16, 7, 6, '2026-01-24 10:26:00'), (17, 7, 7, '2026-01-24 10:27:00'),
(18, 8, 2, '2026-01-24 14:05:00'), (19, 8, 7, '2026-01-24 14:06:00'),
(20, 9, 3, '2026-01-25 11:15:00'), (21, 9, 5, '2026-01-25 11:16:00'), (22, 9, 7, '2026-01-25 11:17:00'),
(23, 10, 1, '2026-01-25 16:35:00'), (24, 10, 5, '2026-01-25 16:36:00'), (25, 10, 7, '2026-01-25 16:37:00'),
(26, 11, 1, '2026-01-26 09:45:00'), (27, 11, 3, '2026-01-26 09:46:00'), (28, 11, 7, '2026-01-26 09:47:00'),
(29, 12, 6, '2026-01-26 13:55:00'), (30, 12, 7, '2026-01-26 13:56:00'),
(31, 13, 1, '2026-01-27 15:20:00'), (32, 13, 5, '2026-01-27 15:21:00'), (33, 13, 7, '2026-01-27 15:22:00'),
(34, 14, 6, '2026-01-27 19:25:00'), (35, 14, 7, '2026-01-27 19:26:00'),
(36, 15, 1, '2026-01-28 10:05:00'), (37, 15, 7, '2026-01-28 10:06:00');

-- [7] videos (비디오 에피소드 정보) - 실제 접속 가능한 썸네일 적용
INSERT INTO videos (video_id, content_id, episode_no, title, description, thumbnail_url, view_count, status) VALUES
(1, 1, 1, '무궁화 꽃이 피던 날', '오징어 게임 1화', 'https://picsum.photos/seed/video1/800/600', 15000, 'PUBLIC'),
(2, 1, 2, '지옥', '오징어 게임 2화', 'https://picsum.photos/seed/video2/800/600', 14500, 'PUBLIC'),
(3, 1, 3, '우산을 쓴 남자', '오징어 게임 3화', 'https://picsum.photos/seed/video3/800/600', 14000, 'PUBLIC'),
(4, 1, 4, '쫄려도 편먹기', '오징어 게임 4화', 'https://picsum.photos/seed/video4/800/600', 13500, 'PUBLIC'),
(5, 1, 5, '평등한 세상', '오징어 게임 5화', 'https://picsum.photos/seed/video5/800/600', 13000, 'PUBLIC'),
(6, 1, 6, '깐부', '오징어 게임 6화', 'https://picsum.photos/seed/video6/800/600', 16000, 'PUBLIC'),
(7, 1, 7, 'V.I.PS', '오징어 게임 7화', 'https://picsum.photos/seed/video7/800/600', 14000, 'PUBLIC'),
(8, 1, 8, '프론트맨', '오징어 게임 8화', 'https://picsum.photos/seed/video8/800/600', 15000, 'PUBLIC'),
(9, 1, 9, '운수 좋은 날', '오징어 게임 9화', 'https://picsum.photos/seed/video9/800/600', 16500, 'PUBLIC'),
(10, 1, 10, '새로운 시작', '오징어 게임 10화', 'https://picsum.photos/seed/video10/800/600', 18500, 'PUBLIC'),
(11, 2, 1, '기생충 본편', '기생충 영화 본편', 'https://picsum.photos/seed/video11/800/600', 20000, 'PUBLIC'),
(12, 3, 1, '범죄도시 본편', '범죄도시 영화 본편', 'https://picsum.photos/seed/video12/800/600', 12000, 'PUBLIC'),
(13, 4, 1, '인터스텔라 본편', '우주 탐험 본편', 'https://picsum.photos/seed/video13/800/600', 30000, 'PUBLIC'),
(14, 5, 1, '어바웃 타임 본편', '시간 여행 로맨스', 'https://picsum.photos/seed/video14/800/600', 9500, 'PUBLIC'),
(15, 6, 1, '극한직업 본편', '수원왕갈비통닭', 'https://picsum.photos/seed/video15/800/600', 22000, 'PUBLIC'),
(16, 7, 1, '아바타 물의길 본편', '아바타 2 본편', 'https://picsum.photos/seed/video16/800/600', 11000, 'PUBLIC'),
(17, 8, 1, '타이타닉 본편', '타이타닉 영화 본편', 'https://picsum.photos/seed/video17/800/600', 18000, 'PUBLIC'),
(18, 9, 1, '인셉션 본편', '인셉션 영화 본편', 'https://picsum.photos/seed/video18/800/600', 25000, 'PUBLIC'),
(19, 10, 1, '매트릭스 본편', '매트릭스 영화 본편', 'https://picsum.photos/seed/video19/800/600', 14000, 'PUBLIC'),
(20, 11, 1, '다크 나이트 본편', '다크 나이트 본편', 'https://picsum.photos/seed/video20/800/600', 32000, 'PUBLIC'),
(21, 12, 1, '반지의 제왕 본편', '반지의 제왕 본편', 'https://picsum.photos/seed/video21/800/600', 28000, 'PUBLIC'),
(22, 13, 1, '어벤져스 본편', '어벤져스 영화 본편', 'https://picsum.photos/seed/video22/800/600', 40000, 'PUBLIC'),
(23, 14, 1, '해리포터 본편', '해리포터 1편', 'https://picsum.photos/seed/video23/800/600', 35000, 'PUBLIC'),
(24, 15, 1, '스파이더맨 본편', '스파이더맨 영화 본편', 'https://picsum.photos/seed/video24/800/600', 21000, 'PUBLIC');

-- [8] video_files (실제 스트리밍 파일 경로)
INSERT INTO video_files (file_id, video_id, original_url, hls_url, duration_sec, transcode_status) VALUES
(1, 1, 's3://bucket/raw/sq_1.mp4', 'https://test-streams.mux.dev/x36xhzz/x36xhzz.m3u8', 3600, 'DONE'),
(2, 2, 's3://bucket/raw/sq_2.mp4', 'https://test-streams.mux.dev/x36xhzz/x36xhzz.m3u8', 3500, 'DONE'),
(3, 3, 's3://bucket/raw/sq_3.mp4', 'https://test-streams.mux.dev/x36xhzz/x36xhzz.m3u8', 3400, 'DONE'),
(4, 4, 's3://bucket/raw/sq_4.mp4', 'https://test-streams.mux.dev/x36xhzz/x36xhzz.m3u8', 3600, 'DONE'),
(5, 5, 's3://bucket/raw/sq_5.mp4', 'https://test-streams.mux.dev/x36xhzz/x36xhzz.m3u8', 3700, 'DONE'),
(6, 6, 's3://bucket/raw/sq_6.mp4', 'https://test-streams.mux.dev/x36xhzz/x36xhzz.m3u8', 3900, 'DONE'),
(7, 7, 's3://bucket/raw/sq_7.mp4', 'https://test-streams.mux.dev/x36xhzz/x36xhzz.m3u8', 3500, 'DONE'),
(8, 8, 's3://bucket/raw/sq_8.mp4', 'https://test-streams.mux.dev/x36xhzz/x36xhzz.m3u8', 3450, 'DONE'),
(9, 9, 's3://bucket/raw/sq_9.mp4', 'https://test-streams.mux.dev/x36xhzz/x36xhzz.m3u8', 3600, 'DONE'),
(10, 10, 's3://bucket/raw/sq_10.mp4', 'https://test-streams.mux.dev/x36xhzz/x36xhzz.m3u8', 4000, 'DONE'),
(11, 11, 's3://bucket/raw/para.mp4', 'https://test-streams.mux.dev/x36xhzz/x36xhzz.m3u8', 7200, 'DONE'),
(12, 12, 's3://bucket/raw/crime.mp4', 'https://test-streams.mux.dev/x36xhzz/x36xhzz.m3u8', 6800, 'DONE'),
(13, 13, 's3://bucket/raw/inter.mp4', 'https://test-streams.mux.dev/x36xhzz/x36xhzz.m3u8', 10200, 'DONE'),
(14, 14, 's3://bucket/raw/about.mp4', 'https://test-streams.mux.dev/x36xhzz/x36xhzz.m3u8', 7400, 'DONE'),
(15, 15, 's3://bucket/raw/extreme.mp4', 'https://test-streams.mux.dev/x36xhzz/x36xhzz.m3u8', 6500, 'DONE'),
(16, 16, 's3://bucket/raw/avatar.mp4', 's3://bucket/hls/avatar.m3u8', 11500, 'DONE'),
(17, 17, 's3://bucket/raw/titanic.mp4', 's3://bucket/hls/titanic.m3u8', 11700, 'DONE'),
(18, 18, 's3://bucket/raw/incept.mp4', 's3://bucket/hls/incept.m3u8', 8800, 'DONE'),
(19, 19, 's3://bucket/raw/matrix.mp4', 's3://bucket/hls/matrix.m3u8', 8100, 'DONE'),
(20, 20, 's3://bucket/raw/dark.mp4', NULL, 9100, 'PROCESSING'),
(21, 21, 's3://bucket/raw/lotr.mp4', 's3://bucket/hls/lotr.m3u8', 10600, 'DONE'),
(22, 22, 's3://bucket/raw/aven.mp4', 's3://bucket/hls/aven.m3u8', 8500, 'DONE'),
(23, 23, 's3://bucket/raw/harry.mp4', 's3://bucket/hls/harry.m3u8', 9100, 'DONE'),
(24, 24, 's3://bucket/raw/spider.mp4', 's3://bucket/hls/spider.m3u8', 7200, 'DONE');

-- [9] bookmarks (콘텐츠 찜 내역)
INSERT INTO bookmarks (bookmark_id, user_id, content_id, created_at) VALUES
(1, 1, 1, '2026-02-01 10:15:00'), (2, 2, 11, '2026-02-01 11:20:00'),
(3, 3, 15, '2026-02-02 12:30:00'), (4, 4, 12, '2026-02-02 14:45:00'),
(5, 5, 8, '2026-02-03 09:10:00'), (6, 6, 9, '2026-02-03 16:50:00'),
(7, 7, 2, '2026-02-04 18:05:00'), (8, 8, 4, '2026-02-04 20:30:00'),
(9, 9, 13, '2026-02-05 21:15:00'), (10, 10, 14, '2026-02-06 08:40:00'),
(11, 1, 2, '2026-02-06 10:50:00'), (12, 1, 3, '2026-02-07 13:25:00'),
(13, 2, 1, '2026-02-07 15:40:00'), (14, 2, 4, '2026-02-08 17:10:00'),
(15, 3, 5, '2026-02-08 19:55:00'), (16, 3, 6, '2026-02-09 11:05:00'),
(17, 4, 7, '2026-02-09 14:20:00'), (18, 4, 8, '2026-02-10 16:35:00'),
(19, 5, 1, '2026-02-10 20:50:00'), (20, 5, 10, '2026-02-11 09:15:00'),
(21, 6, 11, '2026-02-11 12:30:00'), (22, 6, 12, '2026-02-12 18:45:00'),
(23, 7, 13, '2026-02-12 21:10:00'), (24, 7, 14, '2026-02-13 10:25:00'),
(25, 8, 15, '2026-02-13 15:50:00'), (26, 8, 1, '2026-02-14 17:05:00'),
(27, 9, 2, '2026-02-14 19:20:00'), (28, 9, 3, '2026-02-15 11:35:00'),
(29, 10, 4, '2026-02-15 14:50:00'), (30, 10, 5, '2026-02-16 09:05:00');

-- [10] comments (영상 댓글)
INSERT INTO comments (comment_id, video_id, user_id, body, status, created_at, updated_at) VALUES
(1, 1, 2, '첫 화부터 몰입감 대박', 'ACTIVE', '2026-02-05 10:15:00', '2026-02-05 10:15:00'),
(2, 6, 3, '깐부 에피소드는 진짜 눈물남', 'ACTIVE', '2026-02-05 11:20:00', '2026-02-05 11:20:00'),
(3, 10, 4, '시즌2가 너무 기대됩니다', 'ACTIVE', '2026-02-06 14:45:00', '2026-02-06 14:45:00'),
(4, 11, 5, '명작 영화 인정합니다', 'ACTIVE', '2026-02-06 16:50:00', '2026-02-06 16:50:00'),
(5, 12, 6, '액션 시원하네요', 'ACTIVE', '2026-02-07 18:05:00', '2026-02-07 18:05:00'),
(6, 13, 7, '우주 장면 웅장합니다', 'ACTIVE', '2026-02-07 20:30:00', '2026-02-07 20:30:00'),
(7, 16, 8, 'CG 스케일 미쳤어요', 'ACTIVE', '2026-02-08 08:40:00', '2026-02-08 08:40:00'),
(8, 20, 9, '조커 연기 소름 돋음', 'ACTIVE', '2026-02-08 10:50:00', '2026-02-08 10:50:00'),
(9, 22, 10, '어셈블!', 'ACTIVE', '2026-02-09 13:25:00', '2026-02-09 13:25:00'),
(10, 23, 1, '추억의 해리포터', 'ACTIVE', '2026-02-09 15:40:00', '2026-02-09 15:40:00'),
(11, 1, 3, '다시 봐도 재밌네요 ㅋㅋ', 'ACTIVE', '2026-02-10 17:10:00', '2026-02-10 17:10:00'),
(12, 2, 4, '진짜 너무 무서웠어요', 'ACTIVE', '2026-02-10 19:55:00', '2026-02-10 19:55:00'),
(13, 3, 5, '달고나 게임 나도 해보고 싶다', 'ACTIVE', '2026-02-11 11:05:00', '2026-02-11 11:05:00'),
(14, 4, 6, '줄다리기 전략 소름', 'ACTIVE', '2026-02-11 14:20:00', '2026-02-11 14:20:00'),
(15, 5, 7, 'VIP들 진짜 얄미움', 'ACTIVE', '2026-02-12 16:35:00', '2026-02-12 16:35:00'),
(16, 7, 8, '유리다리 너무 쫄깃해', 'ACTIVE', '2026-02-12 20:50:00', '2026-02-12 20:50:00'),
(17, 8, 9, '프론트맨 정체 충격', 'ACTIVE', '2026-02-13 09:15:00', '2026-02-13 09:15:00'),
(18, 9, 10, '결말이 어떻게 될지 ㄷㄷ', 'ACTIVE', '2026-02-13 12:30:00', '2026-02-13 12:30:00'),
(19, 11, 1, '송강호 연기 미쳤다', 'ACTIVE', '2026-02-14 18:45:00', '2026-02-14 18:45:00'),
(20, 12, 2, '진실의 방으로', 'ACTIVE', '2026-02-14 21:10:00', '2026-02-14 21:10:00'),
(21, 14, 3, '최고의 로맨스 영화', 'ACTIVE', '2026-02-15 10:25:00', '2026-02-15 10:25:00'),
(22, 15, 4, '지금까지 이런 맛은 없었다', 'ACTIVE', '2026-02-15 15:50:00', '2026-02-15 15:50:00'),
(23, 17, 5, '내 마음속 영원한 1위', 'ACTIVE', '2026-02-16 17:05:00', '2026-02-16 17:05:00'),
(24, 18, 6, '팽이는 과연 멈췄을까', 'ACTIVE', '2026-02-16 19:20:00', '2026-02-16 19:20:00'),
(25, 19, 7, '빨간약 파란약', 'ACTIVE', '2026-02-17 11:35:00', '2026-02-17 11:35:00'),
(26, 21, 8, '프로도 수고했다', 'ACTIVE', '2026-02-17 14:50:00', '2026-02-17 14:50:00'),
(27, 22, 9, '타노스 포스 덜덜', 'ACTIVE', '2026-02-18 09:05:00', '2026-02-18 09:05:00'),
(28, 23, 10, '입학통지서 언제 오나요', 'ACTIVE', '2026-02-18 12:20:00', '2026-02-18 12:20:00'),
(29, 24, 2, '초대 스파이더맨 꿀잼', 'ACTIVE', '2026-02-19 16:40:00', '2026-02-19 16:40:00'),
(30, 13, 1, '머피의 법칙', 'ACTIVE', '2026-02-19 20:10:00', '2026-02-19 20:10:00');

-- [11] watch_histories (시청 이력)
INSERT INTO watch_histories (history_id, user_id, content_id, video_id, status, last_position_sec, last_watched_at, completed_at, created_at, updated_at) VALUES
(1, 1, 1, 6, 'COMPLETED', 3900, '2026-02-11 14:55:10', '2026-02-11 15:10:00', '2026-02-11 14:00:00', '2026-02-11 14:55:10'),
(2, 2, 1, 10, 'WATCHING', 1200, '2026-02-12 10:00:00', NULL, '2026-02-12 09:40:00', '2026-02-12 10:00:00'),
(3, 3, 2, 11, 'COMPLETED', 7200, '2026-02-12 11:00:00', '2026-02-12 11:00:00', '2026-02-12 09:00:00', '2026-02-12 11:00:00'),
(4, 4, 3, 12, 'WATCHING', 500, '2026-02-12 14:30:00', NULL, '2026-02-12 14:20:00', '2026-02-12 14:30:00'),
(5, 5, 4, 13, 'COMPLETED', 10200, '2026-02-13 09:15:00', '2026-02-13 09:20:00', '2026-02-13 06:30:00', '2026-02-13 09:15:00'),
(6, 6, 7, 16, 'WATCHING', 1500, '2026-02-13 18:45:00', NULL, '2026-02-13 18:20:00', '2026-02-13 18:45:00'),
(7, 7, 8, 17, 'COMPLETED', 11700, '2026-02-14 20:00:00', '2026-02-14 20:00:00', '2026-02-14 16:45:00', '2026-02-14 20:00:00'),
(8, 8, 11, 20, 'STARTED', 10, '2026-02-14 22:10:00', NULL, '2026-02-14 22:09:50', '2026-02-14 22:10:00'),
(9, 9, 13, 22, 'COMPLETED', 8500, '2026-02-15 13:00:00', '2026-02-15 13:05:00', '2026-02-15 10:35:00', '2026-02-15 13:00:00'),
(10, 10, 14, 23, 'WATCHING', 2100, '2026-02-15 16:30:00', NULL, '2026-02-15 15:55:00', '2026-02-15 16:30:00'),
(11, 1, 2, 11, 'WATCHING', 3000, '2026-02-16 08:20:00', NULL, '2026-02-16 07:30:00', '2026-02-16 08:20:00'),
(12, 1, 3, 12, 'COMPLETED', 6800, '2026-02-16 19:40:00', '2026-02-16 19:40:00', '2026-02-16 17:45:00', '2026-02-16 19:40:00'),
(13, 2, 4, 13, 'STARTED', 50, '2026-02-17 07:15:00', NULL, '2026-02-17 07:14:10', '2026-02-17 07:15:00'),
(14, 2, 5, 14, 'WATCHING', 4000, '2026-02-17 21:05:00', NULL, '2026-02-17 19:58:00', '2026-02-17 21:05:00'),
(15, 3, 6, 15, 'COMPLETED', 6500, '2026-02-18 12:30:00', '2026-02-18 12:30:00', '2026-02-18 10:40:00', '2026-02-18 12:30:00'),
(16, 3, 1, 1, 'COMPLETED', 3600, '2026-02-18 15:00:00', '2026-02-18 15:10:00', '2026-02-18 14:00:00', '2026-02-18 15:00:00'),
(17, 4, 1, 2, 'COMPLETED', 3500, '2026-02-19 10:25:00', '2026-02-19 10:25:00', '2026-02-19 09:25:00', '2026-02-19 10:25:00'),
(18, 4, 1, 3, 'WATCHING', 1800, '2026-02-19 14:50:00', NULL, '2026-02-19 14:20:00', '2026-02-19 14:50:00'),
(19, 5, 9, 18, 'WATCHING', 5000, '2026-02-20 09:00:00', NULL, '2026-02-20 07:35:00', '2026-02-20 09:00:00'),
(20, 5, 10, 19, 'COMPLETED', 8100, '2026-02-20 23:45:00', '2026-02-20 23:50:00', '2026-02-20 21:30:00', '2026-02-20 23:45:00'),
(21, 6, 1, 4, 'STARTED', 10, '2026-02-21 11:11:00', NULL, '2026-02-21 11:10:50', '2026-02-21 11:11:00'),
(22, 6, 1, 5, 'WATCHING', 2000, '2026-02-21 17:30:00', NULL, '2026-02-21 16:55:00', '2026-02-21 17:30:00'),
(23, 7, 12, 21, 'COMPLETED', 10600, '2026-02-22 13:20:00', '2026-02-22 13:20:00', '2026-02-22 10:20:00', '2026-02-22 13:20:00'),
(24, 7, 15, 24, 'WATCHING', 3600, '2026-02-22 20:15:00', NULL, '2026-02-22 19:15:00', '2026-02-22 20:15:00'),
(25, 8, 1, 7, 'COMPLETED', 3500, '2026-02-23 08:40:00', '2026-02-23 08:45:00', '2026-02-23 07:40:00', '2026-02-23 08:40:00'),
(26, 8, 1, 8, 'WATCHING', 1200, '2026-02-23 22:00:00', NULL, '2026-02-23 21:40:00', '2026-02-23 22:00:00'),
(27, 9, 5, 14, 'STARTED', 5, '2026-02-24 10:05:00', NULL, '2026-02-24 10:04:55', '2026-02-24 10:05:00'),
(28, 9, 6, 15, 'COMPLETED', 6500, '2026-02-24 19:30:00', '2026-02-24 19:30:00', '2026-02-24 17:40:00', '2026-02-24 19:30:00'),
(29, 10, 1, 9, 'COMPLETED', 3600, '2026-02-25 07:50:00', '2026-02-25 08:00:00', '2026-02-25 06:50:00', '2026-02-25 07:50:00'),
(30, 10, 1, 10, 'WATCHING', 2500, '2026-02-25 09:10:00', NULL, '2026-02-25 08:25:00', '2026-02-25 09:10:00');

-- 외래 키 무결성 체크 복구
SET FOREIGN_KEY_CHECKS = 1;

ALTER TABLE watch_histories
ADD COLUMN deleted_at DATETIME NULL COMMENT '삭제일자 (Soft Delete)';