-- V2602241800__dumpData_contents_users.sql
-- users
--   auth_accounts - 모든 비밀번호 : test12345678
--   bookmarks
--   comments
--   contents
--   tags
--   user_preferred_tags
--   content_tags
--   video_files
--   videos
--   watch_histories

-- 외래 키 무결성 체크 해제 (TRUNCATE 오류 방지)
SET FOREIGN_KEY_CHECKS = 0;

TRUNCATE TABLE watch_histories;
ALTER TABLE watch_histories
ADD COLUMN deleted_at DATETIME NULL COMMENT '삭제일자 (Soft Delete)';

TRUNCATE TABLE comments;
TRUNCATE TABLE bookmarks;
TRUNCATE TABLE video_files;
TRUNCATE TABLE videos;
TRUNCATE TABLE content_tags;
TRUNCATE TABLE contents;
TRUNCATE TABLE user_preferred_tags;

TRUNCATE TABLE tags;
ALTER TABLE tags CHANGE COLUMN `type` `priority` BIGINT NOT NULL;
ALTER TABLE tags RENAME INDEX idx_tags_type TO idx_tags_priority;

TRUNCATE TABLE auth_accounts;
TRUNCATE TABLE users;

-- [1] users
INSERT INTO users (user_id, nickname, profile_image, user_role, user_status, created_at, updated_at) VALUES
(1, 'test1', 'https://picsum.photos/seed/user1/200/200', 'ADMIN', 'ACTIVE', '2026-01-01 10:00:00', '2026-01-01 10:00:00'),
(2, 'test2', 'https://picsum.photos/seed/user2/200/200', 'USER', 'ACTIVE', '2026-01-01 10:00:00', '2026-01-01 10:00:00'),
(3, 'test3', 'https://picsum.photos/seed/user3/200/200', 'USER', 'ACTIVE', '2026-01-01 10:00:00', '2026-01-01 10:00:00'),
(4, 'test4', 'https://picsum.photos/seed/user4/200/200', 'USER', 'ACTIVE', '2026-01-01 10:00:00', '2026-01-01 10:00:00'),
(5, 'test5', 'https://picsum.photos/seed/user5/200/200', 'USER', 'ACTIVE', '2026-01-01 10:00:00', '2026-01-01 10:00:00'),
(6, 'test6', 'https://picsum.photos/seed/user6/200/200', 'USER', 'ACTIVE', '2026-01-01 10:00:00', '2026-01-01 10:00:00'),
(7, 'test7', 'https://picsum.photos/seed/user7/200/200', 'USER', 'ACTIVE', '2026-01-01 10:00:00', '2026-01-01 10:00:00'),
(8, 'test8', 'https://picsum.photos/seed/user8/200/200', 'USER', 'ACTIVE', '2026-01-01 10:00:00', '2026-01-01 10:00:00'),
(9, 'test9', 'https://picsum.photos/seed/user9/200/200', 'USER', 'INACTIVE', '2026-01-01 10:00:00', '2026-01-01 10:00:00'),
(10, 'test10', 'https://picsum.photos/seed/user10/200/200', 'USER', 'DELETED', '2026-01-01 10:00:00', '2026-01-01 10:00:00');

-- [2] auth_accounts
INSERT INTO auth_accounts (auth_account_id, user_id, auth_provider, auth_provider_subject, email, password_hash, created_at) VALUES
(1, 1, 'EMAIL', 'test1@example.com', 'test1@example.com', '$2a$10$I.MLXBOlJ2G4SckoFzI7xuLw8Leif4Xr/bwK23WkGvyc8e4cWca.2', '2026-01-01 10:00:00'),
(2, 2, 'EMAIL', 'test2@example.com', 'test2@example.com', '$2a$10$I.MLXBOlJ2G4SckoFzI7xuLw8Leif4Xr/bwK23WkGvyc8e4cWca.2', '2026-01-01 10:00:00'),
(3, 3, 'EMAIL', 'test3@example.com', 'test3@example.com', '$2a$10$I.MLXBOlJ2G4SckoFzI7xuLw8Leif4Xr/bwK23WkGvyc8e4cWca.2', '2026-01-01 10:00:00'),
(4, 4, 'EMAIL', 'test4@example.com', 'test4@example.com', '$2a$10$I.MLXBOlJ2G4SckoFzI7xuLw8Leif4Xr/bwK23WkGvyc8e4cWca.2', '2026-01-01 10:00:00'),
(5, 5, 'EMAIL', 'test5@example.com', 'test5@example.com', '$2a$10$I.MLXBOlJ2G4SckoFzI7xuLw8Leif4Xr/bwK23WkGvyc8e4cWca.2', '2026-01-01 10:00:00'),
(6, 6, 'EMAIL', 'test6@example.com', 'test6@example.com', '$2a$10$I.MLXBOlJ2G4SckoFzI7xuLw8Leif4Xr/bwK23WkGvyc8e4cWca.2', '2026-01-01 10:00:00'),
(7, 7, 'EMAIL', 'test7@example.com', 'test7@example.com', '$2a$10$I.MLXBOlJ2G4SckoFzI7xuLw8Leif4Xr/bwK23WkGvyc8e4cWca.2', '2026-01-01 10:00:00'),
(8, 8, 'EMAIL', 'test8@example.com', 'test8@example.com', '$2a$10$I.MLXBOlJ2G4SckoFzI7xuLw8Leif4Xr/bwK23WkGvyc8e4cWca.2', '2026-01-01 10:00:00'),
(9, 9, 'EMAIL', 'test9@example.com', 'test9@example.com', '$2a$10$I.MLXBOlJ2G4SckoFzI7xuLw8Leif4Xr/bwK23WkGvyc8e4cWca.2', '2026-01-01 10:00:00'),
(10, 10, 'EMAIL', 'test10@example.com', 'test10@example.com', '$2a$10$I.MLXBOlJ2G4SckoFzI7xuLw8Leif4Xr/bwK23WkGvyc8e4cWca.2', '2026-01-01 10:00:00');

-- [3] tags (type -> priority 컬럼 변경)
INSERT INTO tags (tag_id, name, is_active, created_at, priority) VALUES
(1, '액션', TRUE, '2026-01-01 09:00:00', 1),
(2, '로맨스', TRUE, '2026-01-01 09:00:00', 1),
(3, '스릴러', TRUE, '2026-01-01 09:00:00', 1),
(4, '코미디', TRUE, '2026-01-01 09:00:00', 1),
(5, 'SF', TRUE, '2026-01-01 09:00:00', 1),
(6, '판타지', TRUE, '2026-01-01 09:00:00', 1),
(7, '영화', TRUE, '2026-01-01 09:00:00', 1),
(8, 'TV드라마', TRUE, '2026-01-01 09:00:00', 1),
(9, '예능', TRUE, '2026-01-01 09:00:00', 1),
(10, '다큐', TRUE, '2026-01-01 09:00:00', 1),
(11, '장르/무드_11', TRUE, '2026-01-01 09:00:00', 2),
(12, '장르/무드_12', TRUE, '2026-01-01 09:00:00', 2),
(13, '장르/무드_13', TRUE, '2026-01-01 09:00:00', 2),
(14, '장르/무드_14', TRUE, '2026-01-01 09:00:00', 2),
(15, '장르/무드_15', TRUE, '2026-01-01 09:00:00', 2),
(16, '장르/무드_16', TRUE, '2026-01-01 09:00:00', 2),
(17, '장르/무드_17', TRUE, '2026-01-01 09:00:00', 2),
(18, '장르/무드_18', TRUE, '2026-01-01 09:00:00', 2),
(19, '장르/무드_19', TRUE, '2026-01-01 09:00:00', 2),
(20, '장르/무드_20', TRUE, '2026-01-01 09:00:00', 2),
(21, '장르/무드_21', TRUE, '2026-01-01 09:00:00', 2),
(22, '장르/무드_22', TRUE, '2026-01-01 09:00:00', 2),
(23, '장르/무드_23', TRUE, '2026-01-01 09:00:00', 2),
(24, '장르/무드_24', TRUE, '2026-01-01 09:00:00', 2),
(25, '장르/무드_25', TRUE, '2026-01-01 09:00:00', 0),
(26, '장르/무드_26', TRUE, '2026-01-01 09:00:00', 0),
(27, '장르/무드_27', TRUE, '2026-01-01 09:00:00', 0),
(28, '장르/무드_28', TRUE, '2026-01-01 09:00:00', 0),
(29, '장르/무드_29', TRUE, '2026-01-01 09:00:00', 0),
(30, '장르/무드_30', TRUE, '2026-01-01 09:00:00', 0);

-- [4] user_preferred_tags
INSERT INTO user_preferred_tags (user_preferred_tags_id, user_id, tag_id, created_at) VALUES
(1, 1, 4, '2026-01-11 10:00:00'),
(2, 1, 1, '2026-01-11 10:00:00'),
(3, 1, 24, '2026-01-11 10:00:00'),
(4, 1, 9, '2026-01-11 10:00:00'),
(5, 1, 8, '2026-01-11 10:00:00'),
(6, 2, 5, '2026-01-11 10:00:00'),
(7, 2, 24, '2026-01-11 10:00:00'),
(8, 2, 4, '2026-01-11 10:00:00'),
(9, 3, 24, '2026-01-11 10:00:00'),
(10, 3, 29, '2026-01-11 10:00:00'),
(11, 3, 18, '2026-01-11 10:00:00'),
(12, 3, 3, '2026-01-11 10:00:00'),
(13, 3, 19, '2026-01-11 10:00:00'),
(14, 4, 2, '2026-01-11 10:00:00'),
(15, 4, 1, '2026-01-11 10:00:00'),
(16, 4, 3, '2026-01-11 10:00:00'),
(17, 4, 7, '2026-01-11 10:00:00'),
(18, 5, 17, '2026-01-11 10:00:00'),
(19, 5, 20, '2026-01-11 10:00:00'),
(20, 5, 1, '2026-01-11 10:00:00'),
(21, 6, 7, '2026-01-11 10:00:00'),
(22, 6, 23, '2026-01-11 10:00:00'),
(23, 6, 21, '2026-01-11 10:00:00'),
(24, 6, 18, '2026-01-11 10:00:00'),
(25, 6, 14, '2026-01-11 10:00:00'),
(26, 7, 15, '2026-01-11 10:00:00'),
(27, 7, 19, '2026-01-11 10:00:00'),
(28, 7, 9, '2026-01-11 10:00:00'),
(29, 8, 25, '2026-01-11 10:00:00'),
(30, 8, 26, '2026-01-11 10:00:00'),
(31, 8, 6, '2026-01-11 10:00:00'),
(32, 9, 14, '2026-01-11 10:00:00'),
(33, 9, 11, '2026-01-11 10:00:00'),
(34, 9, 9, '2026-01-11 10:00:00'),
(35, 9, 5, '2026-01-11 10:00:00'),
(36, 9, 7, '2026-01-11 10:00:00'),
(37, 10, 4, '2026-01-11 10:00:00'),
(38, 10, 3, '2026-01-11 10:00:00'),
(39, 10, 13, '2026-01-11 10:00:00'),
(40, 10, 12, '2026-01-11 10:00:00');

-- [5] contents
INSERT INTO contents (content_id, type, title, description, thumbnail_url, status, total_view_count, bookmark_count, uploader_id, access_level, created_at, updated_at) VALUES
(1, 'SERIES', '오리지널 시리즈 1', '{"summary": "흥미진진한 스토리", "release": "2024-05-01", "director": "크리스토퍼 놀란", "actor": "레오나르도 디카프리오"}', 'https://picsum.photos/seed/content1/800/600', 'ACTIVE', 23541, 319, 1, 'BASIC', '2026-01-20 10:00:00', '2026-01-20 10:00:00'),
(2, 'SERIES', '오리지널 시리즈 2', '{"summary": "흥미진진한 스토리", "release": "2024-05-01", "director": "크리스토퍼 놀란", "actor": "레오나르도 디카프리오"}', 'https://picsum.photos/seed/content2/800/600', 'ACTIVE', 18335, 423, 1, 'BASIC', '2026-01-20 10:00:00', '2026-01-20 10:00:00'),
(3, 'SERIES', '오리지널 시리즈 3', '{"summary": "흥미진진한 스토리", "release": "2024-05-01", "director": "크리스토퍼 놀란", "actor": "레오나르도 디카프리오"}', 'https://picsum.photos/seed/content3/800/600', 'ACTIVE', 3847, 383, 1, 'BASIC', '2026-01-20 10:00:00', '2026-01-20 10:00:00'),
(4, 'SERIES', '오리지널 시리즈 4', '{"summary": "흥미진진한 스토리", "release": "2024-05-01", "director": "크리스토퍼 놀란", "actor": "레오나르도 디카프리오"}', 'https://picsum.photos/seed/content4/800/600', 'ACTIVE', 31108, 284, 1, 'BASIC', '2026-01-20 10:00:00', '2026-01-20 10:00:00'),
(5, 'SERIES', '오리지널 시리즈 5', '{"summary": "흥미진진한 스토리", "release": "2024-05-01", "director": "크리스토퍼 놀란", "actor": "레오나르도 디카프리오"}', 'https://picsum.photos/seed/content5/800/600', 'ACTIVE', 9180, 482, 1, 'BASIC', '2026-01-20 10:00:00', '2026-01-20 10:00:00'),
(6, 'SERIES', '오리지널 시리즈 6', '{"summary": "흥미진진한 스토리", "release": "2024-05-01", "director": "크리스토퍼 놀란", "actor": "레오나르도 디카프리오"}', 'https://picsum.photos/seed/content6/800/600', 'ACTIVE', 25807, 50, 1, 'BASIC', '2026-01-20 10:00:00', '2026-01-20 10:00:00'),
(7, 'SERIES', '오리지널 시리즈 7', '{"summary": "흥미진진한 스토리", "release": "2024-05-01", "director": "크리스토퍼 놀란", "actor": "레오나르도 디카프리오"}', 'https://picsum.photos/seed/content7/800/600', 'ACTIVE', 37178, 160, 1, 'BASIC', '2026-01-20 10:00:00', '2026-01-20 10:00:00'),
(8, 'SERIES', '오리지널 시리즈 8', '{"summary": "흥미진진한 스토리", "release": "2024-05-01", "director": "크리스토퍼 놀란", "actor": "레오나르도 디카프리오"}', 'https://picsum.photos/seed/content8/800/600', 'ACTIVE', 42198, 326, 1, 'BASIC', '2026-01-20 10:00:00', '2026-01-20 10:00:00'),
(9, 'SERIES', '오리지널 시리즈 9', '{"summary": "흥미진진한 스토리", "release": "2024-05-01", "director": "크리스토퍼 놀란", "actor": "레오나르도 디카프리오"}', 'https://picsum.photos/seed/content9/800/600', 'ACTIVE', 24700, 305, 1, 'BASIC', '2026-01-20 10:00:00', '2026-01-20 10:00:00'),
(10, 'SERIES', '오리지널 시리즈 10', '{"summary": "흥미진진한 스토리", "release": "2024-05-01", "director": "크리스토퍼 놀란", "actor": "레오나르도 디카프리오"}', 'https://picsum.photos/seed/content10/800/600', 'ACTIVE', 13601, 370, 1, 'BASIC', '2026-01-20 10:00:00', '2026-01-20 10:00:00'),
(11, 'SERIES', '오리지널 시리즈 11', '{"summary": "흥미진진한 스토리", "release": "2024-05-01", "director": "크리스토퍼 놀란", "actor": "레오나르도 디카프리오"}', 'https://picsum.photos/seed/content11/800/600', 'ACTIVE', 5558, 33, 1, 'BASIC', '2026-01-20 10:00:00', '2026-01-20 10:00:00'),
(12, 'SERIES', '오리지널 시리즈 12', '{"summary": "흥미진진한 스토리", "release": "2024-05-01", "director": "크리스토퍼 놀란", "actor": "레오나르도 디카프리오"}', 'https://picsum.photos/seed/content12/800/600', 'ACTIVE', 44336, 126, 1, 'BASIC', '2026-01-20 10:00:00', '2026-01-20 10:00:00'),
(13, 'SERIES', '오리지널 시리즈 13', '{"summary": "흥미진진한 스토리", "release": "2024-05-01", "director": "크리스토퍼 놀란", "actor": "레오나르도 디카프리오"}', 'https://picsum.photos/seed/content13/800/600', 'ACTIVE', 19965, 50, 1, 'BASIC', '2026-01-20 10:00:00', '2026-01-20 10:00:00'),
(14, 'SERIES', '오리지널 시리즈 14', '{"summary": "흥미진진한 스토리", "release": "2024-05-01", "director": "크리스토퍼 놀란", "actor": "레오나르도 디카프리오"}', 'https://picsum.photos/seed/content14/800/600', 'ACTIVE', 16256, 453, 1, 'BASIC', '2026-01-20 10:00:00', '2026-01-20 10:00:00'),
(15, 'SERIES', '오리지널 시리즈 15', '{"summary": "흥미진진한 스토리", "release": "2024-05-01", "director": "크리스토퍼 놀란", "actor": "레오나르도 디카프리오"}', 'https://picsum.photos/seed/content15/800/600', 'ACTIVE', 7619, 204, 1, 'BASIC', '2026-01-20 10:00:00', '2026-01-20 10:00:00'),
(16, 'SERIES', '오리지널 시리즈 16', '{"summary": "흥미진진한 스토리", "release": "2024-05-01", "director": "크리스토퍼 놀란", "actor": "레오나르도 디카프리오"}', 'https://picsum.photos/seed/content16/800/600', 'ACTIVE', 19217, 242, 1, 'BASIC', '2026-01-20 10:00:00', '2026-01-20 10:00:00'),
(17, 'SERIES', '오리지널 시리즈 17', '{"summary": "흥미진진한 스토리", "release": "2024-05-01", "director": "크리스토퍼 놀란", "actor": "레오나르도 디카프리오"}', 'https://picsum.photos/seed/content17/800/600', 'ACTIVE', 42660, 437, 1, 'BASIC', '2026-01-20 10:00:00', '2026-01-20 10:00:00'),
(18, 'SERIES', '오리지널 시리즈 18', '{"summary": "흥미진진한 스토리", "release": "2024-05-01", "director": "크리스토퍼 놀란", "actor": "레오나르도 디카프리오"}', 'https://picsum.photos/seed/content18/800/600', 'ACTIVE', 24909, 93, 1, 'BASIC', '2026-01-20 10:00:00', '2026-01-20 10:00:00'),
(19, 'SERIES', '오리지널 시리즈 19', '{"summary": "흥미진진한 스토리", "release": "2024-05-01", "director": "크리스토퍼 놀란", "actor": "레오나르도 디카프리오"}', 'https://picsum.photos/seed/content19/800/600', 'ACTIVE', 25260, 191, 1, 'BASIC', '2026-01-20 10:00:00', '2026-01-20 10:00:00'),
(20, 'SERIES', '오리지널 시리즈 20', '{"summary": "흥미진진한 스토리", "release": "2024-05-01", "director": "크리스토퍼 놀란", "actor": "레오나르도 디카프리오"}', 'https://picsum.photos/seed/content20/800/600', 'ACTIVE', 14730, 353, 1, 'BASIC', '2026-01-20 10:00:00', '2026-01-20 10:00:00'),
(21, 'SINGLE', '독립 영화 21', '{"summary": "흥미진진한 스토리", "release": "2024-05-01", "director": "크리스토퍼 놀란", "actor": "레오나르도 디카프리오"}', 'https://picsum.photos/seed/content21/800/600', 'ACTIVE', 46994, 489, 6, 'BASIC', '2026-01-20 10:00:00', '2026-01-20 10:00:00'),
(22, 'SINGLE', '독립 영화 22', '{"summary": "흥미진진한 스토리", "release": "2024-05-01", "director": "크리스토퍼 놀란", "actor": "레오나르도 디카프리오"}', 'https://picsum.photos/seed/content22/800/600', 'ACTIVE', 40920, 335, 3, 'BASIC', '2026-01-20 10:00:00', '2026-01-20 10:00:00'),
(23, 'SINGLE', '독립 영화 23', '{"summary": "흥미진진한 스토리", "release": "2024-05-01", "director": "크리스토퍼 놀란", "actor": "레오나르도 디카프리오"}', 'https://picsum.photos/seed/content23/800/600', 'ACTIVE', 36005, 383, 4, 'BASIC', '2026-01-20 10:00:00', '2026-01-20 10:00:00'),
(24, 'SINGLE', '독립 영화 24', '{"summary": "흥미진진한 스토리", "release": "2024-05-01", "director": "크리스토퍼 놀란", "actor": "레오나르도 디카프리오"}', 'https://picsum.photos/seed/content24/800/600', 'ACTIVE', 11708, 246, 5, 'BASIC', '2026-01-20 10:00:00', '2026-01-20 10:00:00'),
(25, 'SINGLE', '독립 영화 25', '{"summary": "흥미진진한 스토리", "release": "2024-05-01", "director": "크리스토퍼 놀란", "actor": "레오나르도 디카프리오"}', 'https://picsum.photos/seed/content25/800/600', 'ACTIVE', 18691, 483, 8, 'BASIC', '2026-01-20 10:00:00', '2026-01-20 10:00:00'),
(26, 'SINGLE', '독립 영화 26', '{"summary": "흥미진진한 스토리", "release": "2024-05-01", "director": "크리스토퍼 놀란", "actor": "레오나르도 디카프리오"}', 'https://picsum.photos/seed/content26/800/600', 'ACTIVE', 15392, 360, 10, 'BASIC', '2026-01-20 10:00:00', '2026-01-20 10:00:00'),
(27, 'SINGLE', '독립 영화 27', '{"summary": "흥미진진한 스토리", "release": "2024-05-01", "director": "크리스토퍼 놀란", "actor": "레오나르도 디카프리오"}', 'https://picsum.photos/seed/content27/800/600', 'ACTIVE', 4665, 127, 7, 'BASIC', '2026-01-20 10:00:00', '2026-01-20 10:00:00'),
(28, 'SINGLE', '독립 영화 28', '{"summary": "흥미진진한 스토리", "release": "2024-05-01", "director": "크리스토퍼 놀란", "actor": "레오나르도 디카프리오"}', 'https://picsum.photos/seed/content28/800/600', 'ACTIVE', 21673, 215, 2, 'BASIC', '2026-01-20 10:00:00', '2026-01-20 10:00:00'),
(29, 'SINGLE', '독립 영화 29', '{"summary": "흥미진진한 스토리", "release": "2024-05-01", "director": "크리스토퍼 놀란", "actor": "레오나르도 디카프리오"}', 'https://picsum.photos/seed/content29/800/600', 'ACTIVE', 5337, 118, 6, 'BASIC', '2026-01-20 10:00:00', '2026-01-20 10:00:00'),
(30, 'SINGLE', '독립 영화 30', '{"summary": "흥미진진한 스토리", "release": "2024-05-01", "director": "크리스토퍼 놀란", "actor": "레오나르도 디카프리오"}', 'https://picsum.photos/seed/content30/800/600', 'ACTIVE', 14934, 345, 7, 'BASIC', '2026-01-20 10:00:00', '2026-01-20 10:00:00'),
(31, 'SINGLE', '독립 영화 31', '{"summary": "흥미진진한 스토리", "release": "2024-05-01", "director": "크리스토퍼 놀란", "actor": "레오나르도 디카프리오"}', 'https://picsum.photos/seed/content31/800/600', 'ACTIVE', 26928, 462, 9, 'BASIC', '2026-01-20 10:00:00', '2026-01-20 10:00:00'),
(32, 'SINGLE', '독립 영화 32', '{"summary": "흥미진진한 스토리", "release": "2024-05-01", "director": "크리스토퍼 놀란", "actor": "레오나르도 디카프리오"}', 'https://picsum.photos/seed/content32/800/600', 'ACTIVE', 10363, 145, 9, 'BASIC', '2026-01-20 10:00:00', '2026-01-20 10:00:00'),
(33, 'SINGLE', '독립 영화 33', '{"summary": "흥미진진한 스토리", "release": "2024-05-01", "director": "크리스토퍼 놀란", "actor": "레오나르도 디카프리오"}', 'https://picsum.photos/seed/content33/800/600', 'ACTIVE', 17162, 391, 4, 'BASIC', '2026-01-20 10:00:00', '2026-01-20 10:00:00'),
(34, 'SINGLE', '독립 영화 34', '{"summary": "흥미진진한 스토리", "release": "2024-05-01", "director": "크리스토퍼 놀란", "actor": "레오나르도 디카프리오"}', 'https://picsum.photos/seed/content34/800/600', 'ACTIVE', 36322, 144, 10, 'BASIC', '2026-01-20 10:00:00', '2026-01-20 10:00:00'),
(35, 'SINGLE', '독립 영화 35', '{"summary": "흥미진진한 스토리", "release": "2024-05-01", "director": "크리스토퍼 놀란", "actor": "레오나르도 디카프리오"}', 'https://picsum.photos/seed/content35/800/600', 'ACTIVE', 39242, 214, 8, 'BASIC', '2026-01-20 10:00:00', '2026-01-20 10:00:00'),
(36, 'SINGLE', '독립 영화 36', '{"summary": "흥미진진한 스토리", "release": "2024-05-01", "director": "크리스토퍼 놀란", "actor": "레오나르도 디카프리오"}', 'https://picsum.photos/seed/content36/800/600', 'ACTIVE', 15373, 80, 7, 'BASIC', '2026-01-20 10:00:00', '2026-01-20 10:00:00'),
(37, 'SINGLE', '독립 영화 37', '{"summary": "흥미진진한 스토리", "release": "2024-05-01", "director": "크리스토퍼 놀란", "actor": "레오나르도 디카프리오"}', 'https://picsum.photos/seed/content37/800/600', 'ACTIVE', 33343, 56, 10, 'BASIC', '2026-01-20 10:00:00', '2026-01-20 10:00:00'),
(38, 'SINGLE', '독립 영화 38', '{"summary": "흥미진진한 스토리", "release": "2024-05-01", "director": "크리스토퍼 놀란", "actor": "레오나르도 디카프리오"}', 'https://picsum.photos/seed/content38/800/600', 'ACTIVE', 8185, 88, 2, 'BASIC', '2026-01-20 10:00:00', '2026-01-20 10:00:00'),
(39, 'SINGLE', '독립 영화 39', '{"summary": "흥미진진한 스토리", "release": "2024-05-01", "director": "크리스토퍼 놀란", "actor": "레오나르도 디카프리오"}', 'https://picsum.photos/seed/content39/800/600', 'ACTIVE', 45596, 226, 4, 'BASIC', '2026-01-20 10:00:00', '2026-01-20 10:00:00'),
(40, 'SINGLE', '독립 영화 40', '{"summary": "흥미진진한 스토리", "release": "2024-05-01", "director": "크리스토퍼 놀란", "actor": "레오나르도 디카프리오"}', 'https://picsum.photos/seed/content40/800/600', 'ACTIVE', 26216, 205, 3, 'BASIC', '2026-01-20 10:00:00', '2026-01-20 10:00:00'),
(41, 'SINGLE', '독립 영화 41', '{"summary": "흥미진진한 스토리", "release": "2024-05-01", "director": "크리스토퍼 놀란", "actor": "레오나르도 디카프리오"}', 'https://picsum.photos/seed/content41/800/600', 'ACTIVE', 35676, 138, 9, 'BASIC', '2026-01-20 10:00:00', '2026-01-20 10:00:00'),
(42, 'SINGLE', '독립 영화 42', '{"summary": "흥미진진한 스토리", "release": "2024-05-01", "director": "크리스토퍼 놀란", "actor": "레오나르도 디카프리오"}', 'https://picsum.photos/seed/content42/800/600', 'ACTIVE', 1752, 358, 10, 'BASIC', '2026-01-20 10:00:00', '2026-01-20 10:00:00'),
(43, 'SINGLE', '독립 영화 43', '{"summary": "흥미진진한 스토리", "release": "2024-05-01", "director": "크리스토퍼 놀란", "actor": "레오나르도 디카프리오"}', 'https://picsum.photos/seed/content43/800/600', 'ACTIVE', 45676, 463, 3, 'BASIC', '2026-01-20 10:00:00', '2026-01-20 10:00:00'),
(44, 'SINGLE', '독립 영화 44', '{"summary": "흥미진진한 스토리", "release": "2024-05-01", "director": "크리스토퍼 놀란", "actor": "레오나르도 디카프리오"}', 'https://picsum.photos/seed/content44/800/600', 'ACTIVE', 18486, 403, 10, 'BASIC', '2026-01-20 10:00:00', '2026-01-20 10:00:00'),
(45, 'SINGLE', '독립 영화 45', '{"summary": "흥미진진한 스토리", "release": "2024-05-01", "director": "크리스토퍼 놀란", "actor": "레오나르도 디카프리오"}', 'https://picsum.photos/seed/content45/800/600', 'ACTIVE', 8310, 160, 7, 'BASIC', '2026-01-20 10:00:00', '2026-01-20 10:00:00'),
(46, 'SINGLE', '독립 영화 46', '{"summary": "흥미진진한 스토리", "release": "2024-05-01", "director": "크리스토퍼 놀란", "actor": "레오나르도 디카프리오"}', 'https://picsum.photos/seed/content46/800/600', 'ACTIVE', 11365, 242, 8, 'BASIC', '2026-01-20 10:00:00', '2026-01-20 10:00:00'),
(47, 'SINGLE', '독립 영화 47', '{"summary": "흥미진진한 스토리", "release": "2024-05-01", "director": "크리스토퍼 놀란", "actor": "레오나르도 디카프리오"}', 'https://picsum.photos/seed/content47/800/600', 'ACTIVE', 48323, 458, 2, 'BASIC', '2026-01-20 10:00:00', '2026-01-20 10:00:00'),
(48, 'SINGLE', '독립 영화 48', '{"summary": "흥미진진한 스토리", "release": "2024-05-01", "director": "크리스토퍼 놀란", "actor": "레오나르도 디카프리오"}', 'https://picsum.photos/seed/content48/800/600', 'ACTIVE', 33806, 400, 6, 'BASIC', '2026-01-20 10:00:00', '2026-01-20 10:00:00'),
(49, 'SINGLE', '독립 영화 49', '{"summary": "흥미진진한 스토리", "release": "2024-05-01", "director": "크리스토퍼 놀란", "actor": "레오나르도 디카프리오"}', 'https://picsum.photos/seed/content49/800/600', 'ACTIVE', 34271, 477, 4, 'BASIC', '2026-01-20 10:00:00', '2026-01-20 10:00:00'),
(50, 'SINGLE', '독립 영화 50', '{"summary": "흥미진진한 스토리", "release": "2024-05-01", "director": "크리스토퍼 놀란", "actor": "레오나르도 디카프리오"}', 'https://picsum.photos/seed/content50/800/600', 'ACTIVE', 41979, 162, 3, 'BASIC', '2026-01-20 10:00:00', '2026-01-20 10:00:00'),
(51, 'SINGLE', '독립 영화 51', '{"summary": "흥미진진한 스토리", "release": "2024-05-01", "director": "크리스토퍼 놀란", "actor": "레오나르도 디카프리오"}', 'https://picsum.photos/seed/content51/800/600', 'ACTIVE', 40909, 111, 10, 'BASIC', '2026-01-20 10:00:00', '2026-01-20 10:00:00'),
(52, 'SINGLE', '독립 영화 52', '{"summary": "흥미진진한 스토리", "release": "2024-05-01", "director": "크리스토퍼 놀란", "actor": "레오나르도 디카프리오"}', 'https://picsum.photos/seed/content52/800/600', 'ACTIVE', 25504, 400, 4, 'BASIC', '2026-01-20 10:00:00', '2026-01-20 10:00:00'),
(53, 'SINGLE', '독립 영화 53', '{"summary": "흥미진진한 스토리", "release": "2024-05-01", "director": "크리스토퍼 놀란", "actor": "레오나르도 디카프리오"}', 'https://picsum.photos/seed/content53/800/600', 'ACTIVE', 36348, 498, 4, 'BASIC', '2026-01-20 10:00:00', '2026-01-20 10:00:00'),
(54, 'SINGLE', '독립 영화 54', '{"summary": "흥미진진한 스토리", "release": "2024-05-01", "director": "크리스토퍼 놀란", "actor": "레오나르도 디카프리오"}', 'https://picsum.photos/seed/content54/800/600', 'ACTIVE', 1037, 316, 10, 'BASIC', '2026-01-20 10:00:00', '2026-01-20 10:00:00'),
(55, 'SINGLE', '독립 영화 55', '{"summary": "흥미진진한 스토리", "release": "2024-05-01", "director": "크리스토퍼 놀란", "actor": "레오나르도 디카프리오"}', 'https://picsum.photos/seed/content55/800/600', 'ACTIVE', 33021, 19, 7, 'BASIC', '2026-01-20 10:00:00', '2026-01-20 10:00:00'),
(56, 'SINGLE', '독립 영화 56', '{"summary": "흥미진진한 스토리", "release": "2024-05-01", "director": "크리스토퍼 놀란", "actor": "레오나르도 디카프리오"}', 'https://picsum.photos/seed/content56/800/600', 'ACTIVE', 24788, 459, 3, 'BASIC', '2026-01-20 10:00:00', '2026-01-20 10:00:00'),
(57, 'SINGLE', '독립 영화 57', '{"summary": "흥미진진한 스토리", "release": "2024-05-01", "director": "크리스토퍼 놀란", "actor": "레오나르도 디카프리오"}', 'https://picsum.photos/seed/content57/800/600', 'ACTIVE', 16692, 39, 6, 'BASIC', '2026-01-20 10:00:00', '2026-01-20 10:00:00'),
(58, 'SINGLE', '독립 영화 58', '{"summary": "흥미진진한 스토리", "release": "2024-05-01", "director": "크리스토퍼 놀란", "actor": "레오나르도 디카프리오"}', 'https://picsum.photos/seed/content58/800/600', 'ACTIVE', 38182, 494, 5, 'BASIC', '2026-01-20 10:00:00', '2026-01-20 10:00:00'),
(59, 'SINGLE', '독립 영화 59', '{"summary": "흥미진진한 스토리", "release": "2024-05-01", "director": "크리스토퍼 놀란", "actor": "레오나르도 디카프리오"}', 'https://picsum.photos/seed/content59/800/600', 'ACTIVE', 6613, 384, 3, 'BASIC', '2026-01-20 10:00:00', '2026-01-20 10:00:00'),
(60, 'SINGLE', '독립 영화 60', '{"summary": "흥미진진한 스토리", "release": "2024-05-01", "director": "크리스토퍼 놀란", "actor": "레오나르도 디카프리오"}', 'https://picsum.photos/seed/content60/800/600', 'ACTIVE', 5535, 399, 9, 'BASIC', '2026-01-20 10:00:00', '2026-01-20 10:00:00'),
(61, 'SINGLE', '독립 영화 61', '{"summary": "흥미진진한 스토리", "release": "2024-05-01", "director": "크리스토퍼 놀란", "actor": "레오나르도 디카프리오"}', 'https://picsum.photos/seed/content61/800/600', 'ACTIVE', 9241, 75, 10, 'BASIC', '2026-01-20 10:00:00', '2026-01-20 10:00:00'),
(62, 'SINGLE', '독립 영화 62', '{"summary": "흥미진진한 스토리", "release": "2024-05-01", "director": "크리스토퍼 놀란", "actor": "레오나르도 디카프리오"}', 'https://picsum.photos/seed/content62/800/600', 'ACTIVE', 37031, 94, 9, 'BASIC', '2026-01-20 10:00:00', '2026-01-20 10:00:00'),
(63, 'SINGLE', '독립 영화 63', '{"summary": "흥미진진한 스토리", "release": "2024-05-01", "director": "크리스토퍼 놀란", "actor": "레오나르도 디카프리오"}', 'https://picsum.photos/seed/content63/800/600', 'ACTIVE', 35581, 456, 6, 'BASIC', '2026-01-20 10:00:00', '2026-01-20 10:00:00'),
(64, 'SINGLE', '독립 영화 64', '{"summary": "흥미진진한 스토리", "release": "2024-05-01", "director": "크리스토퍼 놀란", "actor": "레오나르도 디카프리오"}', 'https://picsum.photos/seed/content64/800/600', 'ACTIVE', 14880, 485, 8, 'BASIC', '2026-01-20 10:00:00', '2026-01-20 10:00:00'),
(65, 'SINGLE', '독립 영화 65', '{"summary": "흥미진진한 스토리", "release": "2024-05-01", "director": "크리스토퍼 놀란", "actor": "레오나르도 디카프리오"}', 'https://picsum.photos/seed/content65/800/600', 'ACTIVE', 48836, 363, 10, 'BASIC', '2026-01-20 10:00:00', '2026-01-20 10:00:00'),
(66, 'SINGLE', '독립 영화 66', '{"summary": "흥미진진한 스토리", "release": "2024-05-01", "director": "크리스토퍼 놀란", "actor": "레오나르도 디카프리오"}', 'https://picsum.photos/seed/content66/800/600', 'ACTIVE', 47723, 169, 5, 'BASIC', '2026-01-20 10:00:00', '2026-01-20 10:00:00'),
(67, 'SINGLE', '독립 영화 67', '{"summary": "흥미진진한 스토리", "release": "2024-05-01", "director": "크리스토퍼 놀란", "actor": "레오나르도 디카프리오"}', 'https://picsum.photos/seed/content67/800/600', 'ACTIVE', 45019, 342, 8, 'BASIC', '2026-01-20 10:00:00', '2026-01-20 10:00:00'),
(68, 'SINGLE', '독립 영화 68', '{"summary": "흥미진진한 스토리", "release": "2024-05-01", "director": "크리스토퍼 놀란", "actor": "레오나르도 디카프리오"}', 'https://picsum.photos/seed/content68/800/600', 'ACTIVE', 29711, 470, 7, 'BASIC', '2026-01-20 10:00:00', '2026-01-20 10:00:00'),
(69, 'SINGLE', '독립 영화 69', '{"summary": "흥미진진한 스토리", "release": "2024-05-01", "director": "크리스토퍼 놀란", "actor": "레오나르도 디카프리오"}', 'https://picsum.photos/seed/content69/800/600', 'ACTIVE', 30588, 71, 10, 'BASIC', '2026-01-20 10:00:00', '2026-01-20 10:00:00'),
(70, 'SINGLE', '독립 영화 70', '{"summary": "흥미진진한 스토리", "release": "2024-05-01", "director": "크리스토퍼 놀란", "actor": "레오나르도 디카프리오"}', 'https://picsum.photos/seed/content70/800/600', 'ACTIVE', 15725, 42, 5, 'BASIC', '2026-01-20 10:00:00', '2026-01-20 10:00:00'),
(71, 'SINGLE', '독립 영화 71', '{"summary": "흥미진진한 스토리", "release": "2024-05-01", "director": "크리스토퍼 놀란", "actor": "레오나르도 디카프리오"}', 'https://picsum.photos/seed/content71/800/600', 'ACTIVE', 2378, 311, 7, 'BASIC', '2026-01-20 10:00:00', '2026-01-20 10:00:00'),
(72, 'SINGLE', '독립 영화 72', '{"summary": "흥미진진한 스토리", "release": "2024-05-01", "director": "크리스토퍼 놀란", "actor": "레오나르도 디카프리오"}', 'https://picsum.photos/seed/content72/800/600', 'ACTIVE', 16080, 311, 10, 'BASIC', '2026-01-20 10:00:00', '2026-01-20 10:00:00'),
(73, 'SINGLE', '독립 영화 73', '{"summary": "흥미진진한 스토리", "release": "2024-05-01", "director": "크리스토퍼 놀란", "actor": "레오나르도 디카프리오"}', 'https://picsum.photos/seed/content73/800/600', 'ACTIVE', 1471, 46, 5, 'BASIC', '2026-01-20 10:00:00', '2026-01-20 10:00:00'),
(74, 'SINGLE', '독립 영화 74', '{"summary": "흥미진진한 스토리", "release": "2024-05-01", "director": "크리스토퍼 놀란", "actor": "레오나르도 디카프리오"}', 'https://picsum.photos/seed/content74/800/600', 'ACTIVE', 16003, 44, 2, 'BASIC', '2026-01-20 10:00:00', '2026-01-20 10:00:00'),
(75, 'SINGLE', '독립 영화 75', '{"summary": "흥미진진한 스토리", "release": "2024-05-01", "director": "크리스토퍼 놀란", "actor": "레오나르도 디카프리오"}', 'https://picsum.photos/seed/content75/800/600', 'ACTIVE', 22654, 46, 2, 'BASIC', '2026-01-20 10:00:00', '2026-01-20 10:00:00'),
(76, 'SINGLE', '독립 영화 76', '{"summary": "흥미진진한 스토리", "release": "2024-05-01", "director": "크리스토퍼 놀란", "actor": "레오나르도 디카프리오"}', 'https://picsum.photos/seed/content76/800/600', 'ACTIVE', 16597, 152, 10, 'BASIC', '2026-01-20 10:00:00', '2026-01-20 10:00:00'),
(77, 'SINGLE', '독립 영화 77', '{"summary": "흥미진진한 스토리", "release": "2024-05-01", "director": "크리스토퍼 놀란", "actor": "레오나르도 디카프리오"}', 'https://picsum.photos/seed/content77/800/600', 'ACTIVE', 15040, 286, 9, 'BASIC', '2026-01-20 10:00:00', '2026-01-20 10:00:00'),
(78, 'SINGLE', '독립 영화 78', '{"summary": "흥미진진한 스토리", "release": "2024-05-01", "director": "크리스토퍼 놀란", "actor": "레오나르도 디카프리오"}', 'https://picsum.photos/seed/content78/800/600', 'ACTIVE', 48405, 488, 4, 'BASIC', '2026-01-20 10:00:00', '2026-01-20 10:00:00'),
(79, 'SINGLE', '독립 영화 79', '{"summary": "흥미진진한 스토리", "release": "2024-05-01", "director": "크리스토퍼 놀란", "actor": "레오나르도 디카프리오"}', 'https://picsum.photos/seed/content79/800/600', 'ACTIVE', 16925, 411, 9, 'BASIC', '2026-01-20 10:00:00', '2026-01-20 10:00:00'),
(80, 'SINGLE', '독립 영화 80', '{"summary": "흥미진진한 스토리", "release": "2024-05-01", "director": "크리스토퍼 놀란", "actor": "레오나르도 디카프리오"}', 'https://picsum.photos/seed/content80/800/600', 'ACTIVE', 27677, 107, 9, 'BASIC', '2026-01-20 10:00:00', '2026-01-20 10:00:00'),
(81, 'SINGLE', '독립 영화 81', '{"summary": "흥미진진한 스토리", "release": "2024-05-01", "director": "크리스토퍼 놀란", "actor": "레오나르도 디카프리오"}', 'https://picsum.photos/seed/content81/800/600', 'ACTIVE', 7352, 347, 3, 'BASIC', '2026-01-20 10:00:00', '2026-01-20 10:00:00'),
(82, 'SINGLE', '독립 영화 82', '{"summary": "흥미진진한 스토리", "release": "2024-05-01", "director": "크리스토퍼 놀란", "actor": "레오나르도 디카프리오"}', 'https://picsum.photos/seed/content82/800/600', 'ACTIVE', 24219, 226, 8, 'BASIC', '2026-01-20 10:00:00', '2026-01-20 10:00:00'),
(83, 'SINGLE', '독립 영화 83', '{"summary": "흥미진진한 스토리", "release": "2024-05-01", "director": "크리스토퍼 놀란", "actor": "레오나르도 디카프리오"}', 'https://picsum.photos/seed/content83/800/600', 'ACTIVE', 31606, 452, 8, 'BASIC', '2026-01-20 10:00:00', '2026-01-20 10:00:00'),
(84, 'SINGLE', '독립 영화 84', '{"summary": "흥미진진한 스토리", "release": "2024-05-01", "director": "크리스토퍼 놀란", "actor": "레오나르도 디카프리오"}', 'https://picsum.photos/seed/content84/800/600', 'ACTIVE', 45129, 344, 2, 'BASIC', '2026-01-20 10:00:00', '2026-01-20 10:00:00'),
(85, 'SINGLE', '독립 영화 85', '{"summary": "흥미진진한 스토리", "release": "2024-05-01", "director": "크리스토퍼 놀란", "actor": "레오나르도 디카프리오"}', 'https://picsum.photos/seed/content85/800/600', 'ACTIVE', 4972, 216, 3, 'BASIC', '2026-01-20 10:00:00', '2026-01-20 10:00:00'),
(86, 'SINGLE', '독립 영화 86', '{"summary": "흥미진진한 스토리", "release": "2024-05-01", "director": "크리스토퍼 놀란", "actor": "레오나르도 디카프리오"}', 'https://picsum.photos/seed/content86/800/600', 'ACTIVE', 8161, 137, 7, 'BASIC', '2026-01-20 10:00:00', '2026-01-20 10:00:00'),
(87, 'SINGLE', '독립 영화 87', '{"summary": "흥미진진한 스토리", "release": "2024-05-01", "director": "크리스토퍼 놀란", "actor": "레오나르도 디카프리오"}', 'https://picsum.photos/seed/content87/800/600', 'ACTIVE', 13465, 284, 5, 'BASIC', '2026-01-20 10:00:00', '2026-01-20 10:00:00'),
(88, 'SINGLE', '독립 영화 88', '{"summary": "흥미진진한 스토리", "release": "2024-05-01", "director": "크리스토퍼 놀란", "actor": "레오나르도 디카프리오"}', 'https://picsum.photos/seed/content88/800/600', 'ACTIVE', 10186, 226, 9, 'BASIC', '2026-01-20 10:00:00', '2026-01-20 10:00:00'),
(89, 'SINGLE', '독립 영화 89', '{"summary": "흥미진진한 스토리", "release": "2024-05-01", "director": "크리스토퍼 놀란", "actor": "레오나르도 디카프리오"}', 'https://picsum.photos/seed/content89/800/600', 'ACTIVE', 19254, 246, 4, 'BASIC', '2026-01-20 10:00:00', '2026-01-20 10:00:00'),
(90, 'SINGLE', '독립 영화 90', '{"summary": "흥미진진한 스토리", "release": "2024-05-01", "director": "크리스토퍼 놀란", "actor": "레오나르도 디카프리오"}', 'https://picsum.photos/seed/content90/800/600', 'ACTIVE', 5940, 236, 5, 'BASIC', '2026-01-20 10:00:00', '2026-01-20 10:00:00'),
(91, 'SINGLE', '독립 영화 91', '{"summary": "흥미진진한 스토리", "release": "2024-05-01", "director": "크리스토퍼 놀란", "actor": "레오나르도 디카프리오"}', 'https://picsum.photos/seed/content91/800/600', 'ACTIVE', 7416, 35, 10, 'BASIC', '2026-01-20 10:00:00', '2026-01-20 10:00:00'),
(92, 'SINGLE', '독립 영화 92', '{"summary": "흥미진진한 스토리", "release": "2024-05-01", "director": "크리스토퍼 놀란", "actor": "레오나르도 디카프리오"}', 'https://picsum.photos/seed/content92/800/600', 'ACTIVE', 1967, 57, 10, 'BASIC', '2026-01-20 10:00:00', '2026-01-20 10:00:00'),
(93, 'SINGLE', '독립 영화 93', '{"summary": "흥미진진한 스토리", "release": "2024-05-01", "director": "크리스토퍼 놀란", "actor": "레오나르도 디카프리오"}', 'https://picsum.photos/seed/content93/800/600', 'ACTIVE', 11899, 218, 5, 'BASIC', '2026-01-20 10:00:00', '2026-01-20 10:00:00'),
(94, 'SINGLE', '독립 영화 94', '{"summary": "흥미진진한 스토리", "release": "2024-05-01", "director": "크리스토퍼 놀란", "actor": "레오나르도 디카프리오"}', 'https://picsum.photos/seed/content94/800/600', 'ACTIVE', 32546, 119, 9, 'BASIC', '2026-01-20 10:00:00', '2026-01-20 10:00:00'),
(95, 'SINGLE', '독립 영화 95', '{"summary": "흥미진진한 스토리", "release": "2024-05-01", "director": "크리스토퍼 놀란", "actor": "레오나르도 디카프리오"}', 'https://picsum.photos/seed/content95/800/600', 'ACTIVE', 4842, 94, 8, 'BASIC', '2026-01-20 10:00:00', '2026-01-20 10:00:00'),
(96, 'SINGLE', '독립 영화 96', '{"summary": "흥미진진한 스토리", "release": "2024-05-01", "director": "크리스토퍼 놀란", "actor": "레오나르도 디카프리오"}', 'https://picsum.photos/seed/content96/800/600', 'ACTIVE', 1141, 209, 8, 'BASIC', '2026-01-20 10:00:00', '2026-01-20 10:00:00'),
(97, 'SINGLE', '독립 영화 97', '{"summary": "흥미진진한 스토리", "release": "2024-05-01", "director": "크리스토퍼 놀란", "actor": "레오나르도 디카프리오"}', 'https://picsum.photos/seed/content97/800/600', 'ACTIVE', 30819, 156, 6, 'BASIC', '2026-01-20 10:00:00', '2026-01-20 10:00:00'),
(98, 'SINGLE', '독립 영화 98', '{"summary": "흥미진진한 스토리", "release": "2024-05-01", "director": "크리스토퍼 놀란", "actor": "레오나르도 디카프리오"}', 'https://picsum.photos/seed/content98/800/600', 'ACTIVE', 46651, 500, 8, 'BASIC', '2026-01-20 10:00:00', '2026-01-20 10:00:00'),
(99, 'SINGLE', '독립 영화 99', '{"summary": "흥미진진한 스토리", "release": "2024-05-01", "director": "크리스토퍼 놀란", "actor": "레오나르도 디카프리오"}', 'https://picsum.photos/seed/content99/800/600', 'ACTIVE', 44376, 377, 10, 'BASIC', '2026-01-20 10:00:00', '2026-01-20 10:00:00'),
(100, 'SINGLE', '독립 영화 100', '{"summary": "흥미진진한 스토리", "release": "2024-05-01", "director": "크리스토퍼 놀란", "actor": "레오나르도 디카프리오"}', 'https://picsum.photos/seed/content100/800/600', 'ACTIVE', 11144, 107, 9, 'BASIC', '2026-01-20 10:00:00', '2026-01-20 10:00:00');

-- [6] content_tags
INSERT INTO content_tags (content_tags_id, content_id, tag_id, created_at) VALUES
(1, 1, 7, '2026-01-20 10:05:00'),
(2, 1, 2, '2026-01-20 10:05:00'),
(3, 1, 19, '2026-01-20 10:05:00'),
(4, 2, 24, '2026-01-20 10:05:00'),
(5, 2, 11, '2026-01-20 10:05:00'),
(6, 3, 2, '2026-01-20 10:05:00'),
(7, 3, 19, '2026-01-20 10:05:00'),
(8, 4, 17, '2026-01-20 10:05:00'),
(9, 4, 30, '2026-01-20 10:05:00'),
(10, 4, 28, '2026-01-20 10:05:00'),
(11, 5, 2, '2026-01-20 10:05:00'),
(12, 5, 17, '2026-01-20 10:05:00'),
(13, 6, 28, '2026-01-20 10:05:00'),
(14, 6, 6, '2026-01-20 10:05:00'),
(15, 7, 20, '2026-01-20 10:05:00'),
(16, 7, 3, '2026-01-20 10:05:00'),
(17, 8, 13, '2026-01-20 10:05:00'),
(18, 8, 4, '2026-01-20 10:05:00'),
(19, 9, 19, '2026-01-20 10:05:00'),
(20, 9, 20, '2026-01-20 10:05:00'),
(21, 10, 20, '2026-01-20 10:05:00'),
(22, 10, 3, '2026-01-20 10:05:00'),
(23, 11, 22, '2026-01-20 10:05:00'),
(24, 11, 19, '2026-01-20 10:05:00'),
(25, 11, 17, '2026-01-20 10:05:00'),
(26, 12, 30, '2026-01-20 10:05:00'),
(27, 12, 9, '2026-01-20 10:05:00'),
(28, 12, 7, '2026-01-20 10:05:00'),
(29, 13, 8, '2026-01-20 10:05:00'),
(30, 13, 9, '2026-01-20 10:05:00'),
(31, 13, 13, '2026-01-20 10:05:00'),
(32, 14, 22, '2026-01-20 10:05:00'),
(33, 14, 21, '2026-01-20 10:05:00'),
(34, 15, 15, '2026-01-20 10:05:00'),
(35, 15, 11, '2026-01-20 10:05:00'),
(36, 15, 30, '2026-01-20 10:05:00'),
(37, 16, 1, '2026-01-20 10:05:00'),
(38, 16, 15, '2026-01-20 10:05:00'),
(39, 17, 3, '2026-01-20 10:05:00'),
(40, 17, 18, '2026-01-20 10:05:00'),
(41, 18, 17, '2026-01-20 10:05:00'),
(42, 18, 9, '2026-01-20 10:05:00'),
(43, 19, 30, '2026-01-20 10:05:00'),
(44, 19, 12, '2026-01-20 10:05:00'),
(45, 20, 29, '2026-01-20 10:05:00'),
(46, 20, 8, '2026-01-20 10:05:00'),
(47, 21, 10, '2026-01-20 10:05:00'),
(48, 21, 6, '2026-01-20 10:05:00'),
(49, 21, 15, '2026-01-20 10:05:00'),
(50, 22, 20, '2026-01-20 10:05:00'),
(51, 22, 26, '2026-01-20 10:05:00'),
(52, 22, 21, '2026-01-20 10:05:00'),
(53, 23, 22, '2026-01-20 10:05:00'),
(54, 23, 27, '2026-01-20 10:05:00'),
(55, 24, 30, '2026-01-20 10:05:00'),
(56, 24, 22, '2026-01-20 10:05:00'),
(57, 24, 4, '2026-01-20 10:05:00'),
(58, 25, 9, '2026-01-20 10:05:00'),
(59, 25, 4, '2026-01-20 10:05:00'),
(60, 26, 24, '2026-01-20 10:05:00'),
(61, 26, 18, '2026-01-20 10:05:00'),
(62, 27, 9, '2026-01-20 10:05:00'),
(63, 27, 10, '2026-01-20 10:05:00'),
(64, 28, 23, '2026-01-20 10:05:00'),
(65, 28, 11, '2026-01-20 10:05:00'),
(66, 29, 22, '2026-01-20 10:05:00'),
(67, 29, 21, '2026-01-20 10:05:00'),
(68, 30, 17, '2026-01-20 10:05:00'),
(69, 30, 16, '2026-01-20 10:05:00'),
(70, 30, 9, '2026-01-20 10:05:00'),
(71, 31, 3, '2026-01-20 10:05:00'),
(72, 31, 21, '2026-01-20 10:05:00'),
(73, 32, 27, '2026-01-20 10:05:00'),
(74, 32, 9, '2026-01-20 10:05:00'),
(75, 32, 2, '2026-01-20 10:05:00'),
(76, 33, 11, '2026-01-20 10:05:00'),
(77, 33, 25, '2026-01-20 10:05:00'),
(78, 34, 21, '2026-01-20 10:05:00'),
(79, 34, 9, '2026-01-20 10:05:00'),
(80, 35, 24, '2026-01-20 10:05:00'),
(81, 35, 15, '2026-01-20 10:05:00'),
(82, 36, 18, '2026-01-20 10:05:00'),
(83, 36, 1, '2026-01-20 10:05:00'),
(84, 36, 4, '2026-01-20 10:05:00'),
(85, 37, 29, '2026-01-20 10:05:00'),
(86, 37, 23, '2026-01-20 10:05:00'),
(87, 38, 18, '2026-01-20 10:05:00'),
(88, 38, 2, '2026-01-20 10:05:00'),
(89, 39, 19, '2026-01-20 10:05:00'),
(90, 39, 18, '2026-01-20 10:05:00'),
(91, 39, 5, '2026-01-20 10:05:00'),
(92, 40, 5, '2026-01-20 10:05:00'),
(93, 40, 2, '2026-01-20 10:05:00'),
(94, 40, 10, '2026-01-20 10:05:00'),
(95, 41, 29, '2026-01-20 10:05:00'),
(96, 41, 30, '2026-01-20 10:05:00'),
(97, 41, 26, '2026-01-20 10:05:00'),
(98, 42, 29, '2026-01-20 10:05:00'),
(99, 42, 12, '2026-01-20 10:05:00'),
(100, 43, 22, '2026-01-20 10:05:00'),
(101, 43, 8, '2026-01-20 10:05:00'),
(102, 44, 12, '2026-01-20 10:05:00'),
(103, 44, 25, '2026-01-20 10:05:00'),
(104, 45, 20, '2026-01-20 10:05:00'),
(105, 45, 24, '2026-01-20 10:05:00'),
(106, 45, 5, '2026-01-20 10:05:00'),
(107, 46, 28, '2026-01-20 10:05:00'),
(108, 46, 6, '2026-01-20 10:05:00'),
(109, 47, 29, '2026-01-20 10:05:00'),
(110, 47, 14, '2026-01-20 10:05:00'),
(111, 48, 6, '2026-01-20 10:05:00'),
(112, 48, 24, '2026-01-20 10:05:00'),
(113, 49, 26, '2026-01-20 10:05:00'),
(114, 49, 30, '2026-01-20 10:05:00'),
(115, 49, 14, '2026-01-20 10:05:00'),
(116, 50, 9, '2026-01-20 10:05:00'),
(117, 50, 6, '2026-01-20 10:05:00'),
(118, 51, 13, '2026-01-20 10:05:00'),
(119, 51, 28, '2026-01-20 10:05:00'),
(120, 52, 28, '2026-01-20 10:05:00'),
(121, 52, 16, '2026-01-20 10:05:00'),
(122, 53, 7, '2026-01-20 10:05:00'),
(123, 53, 27, '2026-01-20 10:05:00'),
(124, 54, 12, '2026-01-20 10:05:00'),
(125, 54, 10, '2026-01-20 10:05:00'),
(126, 54, 27, '2026-01-20 10:05:00'),
(127, 55, 8, '2026-01-20 10:05:00'),
(128, 55, 1, '2026-01-20 10:05:00'),
(129, 56, 13, '2026-01-20 10:05:00'),
(130, 56, 11, '2026-01-20 10:05:00'),
(131, 57, 28, '2026-01-20 10:05:00'),
(132, 57, 3, '2026-01-20 10:05:00'),
(133, 57, 25, '2026-01-20 10:05:00'),
(134, 58, 12, '2026-01-20 10:05:00'),
(135, 58, 21, '2026-01-20 10:05:00'),
(136, 58, 17, '2026-01-20 10:05:00'),
(137, 59, 22, '2026-01-20 10:05:00'),
(138, 59, 27, '2026-01-20 10:05:00'),
(139, 59, 18, '2026-01-20 10:05:00'),
(140, 60, 1, '2026-01-20 10:05:00'),
(141, 60, 4, '2026-01-20 10:05:00'),
(142, 60, 29, '2026-01-20 10:05:00'),
(143, 61, 6, '2026-01-20 10:05:00'),
(144, 61, 19, '2026-01-20 10:05:00'),
(145, 61, 9, '2026-01-20 10:05:00'),
(146, 62, 4, '2026-01-20 10:05:00'),
(147, 62, 20, '2026-01-20 10:05:00'),
(148, 63, 12, '2026-01-20 10:05:00'),
(149, 63, 24, '2026-01-20 10:05:00'),
(150, 63, 26, '2026-01-20 10:05:00'),
(151, 64, 14, '2026-01-20 10:05:00'),
(152, 64, 20, '2026-01-20 10:05:00'),
(153, 64, 17, '2026-01-20 10:05:00'),
(154, 65, 13, '2026-01-20 10:05:00'),
(155, 65, 29, '2026-01-20 10:05:00'),
(156, 66, 9, '2026-01-20 10:05:00'),
(157, 66, 2, '2026-01-20 10:05:00'),
(158, 67, 1, '2026-01-20 10:05:00'),
(159, 67, 17, '2026-01-20 10:05:00'),
(160, 67, 30, '2026-01-20 10:05:00'),
(161, 68, 12, '2026-01-20 10:05:00'),
(162, 68, 14, '2026-01-20 10:05:00'),
(163, 69, 22, '2026-01-20 10:05:00'),
(164, 69, 30, '2026-01-20 10:05:00'),
(165, 70, 20, '2026-01-20 10:05:00'),
(166, 70, 11, '2026-01-20 10:05:00'),
(167, 70, 22, '2026-01-20 10:05:00'),
(168, 71, 24, '2026-01-20 10:05:00'),
(169, 71, 29, '2026-01-20 10:05:00'),
(170, 72, 17, '2026-01-20 10:05:00'),
(171, 72, 10, '2026-01-20 10:05:00'),
(172, 72, 22, '2026-01-20 10:05:00'),
(173, 73, 11, '2026-01-20 10:05:00'),
(174, 73, 13, '2026-01-20 10:05:00'),
(175, 73, 23, '2026-01-20 10:05:00'),
(176, 74, 18, '2026-01-20 10:05:00'),
(177, 74, 5, '2026-01-20 10:05:00'),
(178, 74, 7, '2026-01-20 10:05:00'),
(179, 75, 22, '2026-01-20 10:05:00'),
(180, 75, 13, '2026-01-20 10:05:00'),
(181, 75, 24, '2026-01-20 10:05:00'),
(182, 76, 20, '2026-01-20 10:05:00'),
(183, 76, 19, '2026-01-20 10:05:00'),
(184, 77, 13, '2026-01-20 10:05:00'),
(185, 77, 18, '2026-01-20 10:05:00'),
(186, 77, 27, '2026-01-20 10:05:00'),
(187, 78, 10, '2026-01-20 10:05:00'),
(188, 78, 7, '2026-01-20 10:05:00'),
(189, 79, 26, '2026-01-20 10:05:00'),
(190, 79, 19, '2026-01-20 10:05:00'),
(191, 79, 20, '2026-01-20 10:05:00'),
(192, 80, 15, '2026-01-20 10:05:00'),
(193, 80, 22, '2026-01-20 10:05:00'),
(194, 80, 7, '2026-01-20 10:05:00'),
(195, 81, 26, '2026-01-20 10:05:00'),
(196, 81, 29, '2026-01-20 10:05:00'),
(197, 81, 24, '2026-01-20 10:05:00'),
(198, 82, 22, '2026-01-20 10:05:00'),
(199, 82, 3, '2026-01-20 10:05:00'),
(200, 83, 17, '2026-01-20 10:05:00'),
(201, 83, 22, '2026-01-20 10:05:00'),
(202, 83, 21, '2026-01-20 10:05:00'),
(203, 84, 3, '2026-01-20 10:05:00'),
(204, 84, 27, '2026-01-20 10:05:00'),
(205, 84, 25, '2026-01-20 10:05:00'),
(206, 85, 22, '2026-01-20 10:05:00'),
(207, 85, 10, '2026-01-20 10:05:00'),
(208, 86, 26, '2026-01-20 10:05:00'),
(209, 86, 7, '2026-01-20 10:05:00'),
(210, 87, 1, '2026-01-20 10:05:00'),
(211, 87, 2, '2026-01-20 10:05:00'),
(212, 88, 16, '2026-01-20 10:05:00'),
(213, 88, 20, '2026-01-20 10:05:00'),
(214, 89, 15, '2026-01-20 10:05:00'),
(215, 89, 14, '2026-01-20 10:05:00'),
(216, 90, 23, '2026-01-20 10:05:00'),
(217, 90, 13, '2026-01-20 10:05:00'),
(218, 91, 13, '2026-01-20 10:05:00'),
(219, 91, 8, '2026-01-20 10:05:00'),
(220, 91, 5, '2026-01-20 10:05:00'),
(221, 92, 29, '2026-01-20 10:05:00'),
(222, 92, 25, '2026-01-20 10:05:00'),
(223, 93, 25, '2026-01-20 10:05:00'),
(224, 93, 14, '2026-01-20 10:05:00'),
(225, 94, 6, '2026-01-20 10:05:00'),
(226, 94, 26, '2026-01-20 10:05:00'),
(227, 95, 2, '2026-01-20 10:05:00'),
(228, 95, 18, '2026-01-20 10:05:00'),
(229, 95, 8, '2026-01-20 10:05:00'),
(230, 96, 15, '2026-01-20 10:05:00'),
(231, 96, 5, '2026-01-20 10:05:00'),
(232, 97, 22, '2026-01-20 10:05:00'),
(233, 97, 17, '2026-01-20 10:05:00'),
(234, 97, 18, '2026-01-20 10:05:00'),
(235, 98, 25, '2026-01-20 10:05:00'),
(236, 98, 29, '2026-01-20 10:05:00'),
(237, 98, 15, '2026-01-20 10:05:00'),
(238, 99, 27, '2026-01-20 10:05:00'),
(239, 99, 30, '2026-01-20 10:05:00'),
(240, 99, 18, '2026-01-20 10:05:00'),
(241, 100, 29, '2026-01-20 10:05:00'),
(242, 100, 6, '2026-01-20 10:05:00'),
(243, 100, 24, '2026-01-20 10:05:00');

-- [7] videos
INSERT INTO videos (video_id, content_id, episode_no, title, description, thumbnail_url, view_count, status) VALUES
(1, 1, 1, '시즌 1 - 1화', '에피소드 상세 설명입니다.', 'https://picsum.photos/seed/video1/800/600', 7877, 'PUBLIC'),
(2, 1, 2, '시즌 1 - 2화', '에피소드 상세 설명입니다.', 'https://picsum.photos/seed/video2/800/600', 7473, 'PUBLIC'),
(3, 1, 3, '시즌 1 - 3화', '에피소드 상세 설명입니다.', 'https://picsum.photos/seed/video3/800/600', 4346, 'PUBLIC'),
(4, 1, 4, '시즌 1 - 4화', '에피소드 상세 설명입니다.', 'https://picsum.photos/seed/video4/800/600', 4150, 'PUBLIC'),
(5, 1, 5, '시즌 1 - 5화', '에피소드 상세 설명입니다.', 'https://picsum.photos/seed/video5/800/600', 4643, 'PUBLIC'),
(6, 1, 6, '시즌 1 - 6화', '에피소드 상세 설명입니다.', 'https://picsum.photos/seed/video6/800/600', 8640, 'PUBLIC'),
(7, 1, 7, '시즌 1 - 7화', '에피소드 상세 설명입니다.', 'https://picsum.photos/seed/video7/800/600', 8039, 'PUBLIC'),
(8, 1, 8, '시즌 1 - 8화', '에피소드 상세 설명입니다.', 'https://picsum.photos/seed/video8/800/600', 4019, 'PUBLIC'),
(9, 1, 9, '시즌 1 - 9화', '에피소드 상세 설명입니다.', 'https://picsum.photos/seed/video9/800/600', 4599, 'PUBLIC'),
(10, 1, 10, '시즌 1 - 10화', '에피소드 상세 설명입니다.', 'https://picsum.photos/seed/video10/800/600', 7306, 'PUBLIC'),
(11, 2, 1, '시즌 1 - 1화', '에피소드 상세 설명입니다.', 'https://picsum.photos/seed/video11/800/600', 1369, 'PUBLIC'),
(12, 2, 2, '시즌 1 - 2화', '에피소드 상세 설명입니다.', 'https://picsum.photos/seed/video12/800/600', 4781, 'PUBLIC'),
(13, 2, 3, '시즌 1 - 3화', '에피소드 상세 설명입니다.', 'https://picsum.photos/seed/video13/800/600', 3941, 'PUBLIC'),
(14, 2, 4, '시즌 1 - 4화', '에피소드 상세 설명입니다.', 'https://picsum.photos/seed/video14/800/600', 4551, 'PUBLIC'),
(15, 2, 5, '시즌 1 - 5화', '에피소드 상세 설명입니다.', 'https://picsum.photos/seed/video15/800/600', 5602, 'PUBLIC'),
(16, 2, 6, '시즌 1 - 6화', '에피소드 상세 설명입니다.', 'https://picsum.photos/seed/video16/800/600', 5338, 'PUBLIC'),
(17, 2, 7, '시즌 1 - 7화', '에피소드 상세 설명입니다.', 'https://picsum.photos/seed/video17/800/600', 8949, 'PUBLIC'),
(18, 2, 8, '시즌 1 - 8화', '에피소드 상세 설명입니다.', 'https://picsum.photos/seed/video18/800/600', 1420, 'PUBLIC'),
(19, 2, 9, '시즌 1 - 9화', '에피소드 상세 설명입니다.', 'https://picsum.photos/seed/video19/800/600', 2367, 'PUBLIC'),
(20, 2, 10, '시즌 1 - 10화', '에피소드 상세 설명입니다.', 'https://picsum.photos/seed/video20/800/600', 2571, 'PUBLIC'),
(21, 3, 1, '시즌 1 - 1화', '에피소드 상세 설명입니다.', 'https://picsum.photos/seed/video21/800/600', 3888, 'PUBLIC'),
(22, 3, 2, '시즌 1 - 2화', '에피소드 상세 설명입니다.', 'https://picsum.photos/seed/video22/800/600', 6375, 'PUBLIC'),
(23, 3, 3, '시즌 1 - 3화', '에피소드 상세 설명입니다.', 'https://picsum.photos/seed/video23/800/600', 2603, 'PUBLIC'),
(24, 3, 4, '시즌 1 - 4화', '에피소드 상세 설명입니다.', 'https://picsum.photos/seed/video24/800/600', 3605, 'PUBLIC'),
(25, 3, 5, '시즌 1 - 5화', '에피소드 상세 설명입니다.', 'https://picsum.photos/seed/video25/800/600', 1152, 'PUBLIC'),
(26, 3, 6, '시즌 1 - 6화', '에피소드 상세 설명입니다.', 'https://picsum.photos/seed/video26/800/600', 6897, 'PUBLIC'),
(27, 3, 7, '시즌 1 - 7화', '에피소드 상세 설명입니다.', 'https://picsum.photos/seed/video27/800/600', 6778, 'PUBLIC'),
(28, 3, 8, '시즌 1 - 8화', '에피소드 상세 설명입니다.', 'https://picsum.photos/seed/video28/800/600', 5521, 'PUBLIC'),
(29, 3, 9, '시즌 1 - 9화', '에피소드 상세 설명입니다.', 'https://picsum.photos/seed/video29/800/600', 8990, 'PUBLIC'),
(30, 3, 10, '시즌 1 - 10화', '에피소드 상세 설명입니다.', 'https://picsum.photos/seed/video30/800/600', 7733, 'PUBLIC'),
(31, 4, 1, '시즌 1 - 1화', '에피소드 상세 설명입니다.', 'https://picsum.photos/seed/video31/800/600', 6912, 'PUBLIC'),
(32, 4, 2, '시즌 1 - 2화', '에피소드 상세 설명입니다.', 'https://picsum.photos/seed/video32/800/600', 1120, 'PUBLIC'),
(33, 4, 3, '시즌 1 - 3화', '에피소드 상세 설명입니다.', 'https://picsum.photos/seed/video33/800/600', 3488, 'PUBLIC'),
(34, 4, 4, '시즌 1 - 4화', '에피소드 상세 설명입니다.', 'https://picsum.photos/seed/video34/800/600', 6983, 'PUBLIC'),
(35, 4, 5, '시즌 1 - 5화', '에피소드 상세 설명입니다.', 'https://picsum.photos/seed/video35/800/600', 6481, 'PUBLIC'),
(36, 4, 6, '시즌 1 - 6화', '에피소드 상세 설명입니다.', 'https://picsum.photos/seed/video36/800/600', 9669, 'PUBLIC'),
(37, 4, 7, '시즌 1 - 7화', '에피소드 상세 설명입니다.', 'https://picsum.photos/seed/video37/800/600', 420, 'PUBLIC'),
(38, 4, 8, '시즌 1 - 8화', '에피소드 상세 설명입니다.', 'https://picsum.photos/seed/video38/800/600', 9532, 'PUBLIC'),
(39, 4, 9, '시즌 1 - 9화', '에피소드 상세 설명입니다.', 'https://picsum.photos/seed/video39/800/600', 6332, 'PUBLIC'),
(40, 4, 10, '시즌 1 - 10화', '에피소드 상세 설명입니다.', 'https://picsum.photos/seed/video40/800/600', 7914, 'PUBLIC'),
(41, 5, 1, '시즌 1 - 1화', '에피소드 상세 설명입니다.', 'https://picsum.photos/seed/video41/800/600', 196, 'PUBLIC'),
(42, 5, 2, '시즌 1 - 2화', '에피소드 상세 설명입니다.', 'https://picsum.photos/seed/video42/800/600', 5863, 'PUBLIC'),
(43, 5, 3, '시즌 1 - 3화', '에피소드 상세 설명입니다.', 'https://picsum.photos/seed/video43/800/600', 4992, 'PUBLIC'),
(44, 5, 4, '시즌 1 - 4화', '에피소드 상세 설명입니다.', 'https://picsum.photos/seed/video44/800/600', 6489, 'PUBLIC'),
(45, 5, 5, '시즌 1 - 5화', '에피소드 상세 설명입니다.', 'https://picsum.photos/seed/video45/800/600', 6965, 'PUBLIC'),
(46, 5, 6, '시즌 1 - 6화', '에피소드 상세 설명입니다.', 'https://picsum.photos/seed/video46/800/600', 8918, 'PUBLIC'),
(47, 5, 7, '시즌 1 - 7화', '에피소드 상세 설명입니다.', 'https://picsum.photos/seed/video47/800/600', 9047, 'PUBLIC'),
(48, 5, 8, '시즌 1 - 8화', '에피소드 상세 설명입니다.', 'https://picsum.photos/seed/video48/800/600', 9983, 'PUBLIC'),
(49, 5, 9, '시즌 1 - 9화', '에피소드 상세 설명입니다.', 'https://picsum.photos/seed/video49/800/600', 3713, 'PUBLIC'),
(50, 5, 10, '시즌 1 - 10화', '에피소드 상세 설명입니다.', 'https://picsum.photos/seed/video50/800/600', 8099, 'PUBLIC'),
(51, 6, 1, '시즌 1 - 1화', '에피소드 상세 설명입니다.', 'https://picsum.photos/seed/video51/800/600', 3695, 'PUBLIC'),
(52, 6, 2, '시즌 1 - 2화', '에피소드 상세 설명입니다.', 'https://picsum.photos/seed/video52/800/600', 4571, 'PUBLIC'),
(53, 6, 3, '시즌 1 - 3화', '에피소드 상세 설명입니다.', 'https://picsum.photos/seed/video53/800/600', 7240, 'PUBLIC'),
(54, 6, 4, '시즌 1 - 4화', '에피소드 상세 설명입니다.', 'https://picsum.photos/seed/video54/800/600', 8056, 'PUBLIC'),
(55, 6, 5, '시즌 1 - 5화', '에피소드 상세 설명입니다.', 'https://picsum.photos/seed/video55/800/600', 575, 'PUBLIC'),
(56, 6, 6, '시즌 1 - 6화', '에피소드 상세 설명입니다.', 'https://picsum.photos/seed/video56/800/600', 6471, 'PUBLIC'),
(57, 6, 7, '시즌 1 - 7화', '에피소드 상세 설명입니다.', 'https://picsum.photos/seed/video57/800/600', 5607, 'PUBLIC'),
(58, 6, 8, '시즌 1 - 8화', '에피소드 상세 설명입니다.', 'https://picsum.photos/seed/video58/800/600', 6724, 'PUBLIC'),
(59, 6, 9, '시즌 1 - 9화', '에피소드 상세 설명입니다.', 'https://picsum.photos/seed/video59/800/600', 2804, 'PUBLIC'),
(60, 6, 10, '시즌 1 - 10화', '에피소드 상세 설명입니다.', 'https://picsum.photos/seed/video60/800/600', 7757, 'PUBLIC'),
(61, 7, 1, '시즌 1 - 1화', '에피소드 상세 설명입니다.', 'https://picsum.photos/seed/video61/800/600', 2191, 'PUBLIC'),
(62, 7, 2, '시즌 1 - 2화', '에피소드 상세 설명입니다.', 'https://picsum.photos/seed/video62/800/600', 8851, 'PUBLIC'),
(63, 7, 3, '시즌 1 - 3화', '에피소드 상세 설명입니다.', 'https://picsum.photos/seed/video63/800/600', 541, 'PUBLIC'),
(64, 7, 4, '시즌 1 - 4화', '에피소드 상세 설명입니다.', 'https://picsum.photos/seed/video64/800/600', 6555, 'PUBLIC'),
(65, 7, 5, '시즌 1 - 5화', '에피소드 상세 설명입니다.', 'https://picsum.photos/seed/video65/800/600', 9797, 'PUBLIC'),
(66, 7, 6, '시즌 1 - 6화', '에피소드 상세 설명입니다.', 'https://picsum.photos/seed/video66/800/600', 9346, 'PUBLIC'),
(67, 7, 7, '시즌 1 - 7화', '에피소드 상세 설명입니다.', 'https://picsum.photos/seed/video67/800/600', 544, 'PUBLIC'),
(68, 7, 8, '시즌 1 - 8화', '에피소드 상세 설명입니다.', 'https://picsum.photos/seed/video68/800/600', 1475, 'PUBLIC'),
(69, 7, 9, '시즌 1 - 9화', '에피소드 상세 설명입니다.', 'https://picsum.photos/seed/video69/800/600', 7122, 'PUBLIC'),
(70, 7, 10, '시즌 1 - 10화', '에피소드 상세 설명입니다.', 'https://picsum.photos/seed/video70/800/600', 2323, 'PUBLIC'),
(71, 8, 1, '시즌 1 - 1화', '에피소드 상세 설명입니다.', 'https://picsum.photos/seed/video71/800/600', 7664, 'PUBLIC'),
(72, 8, 2, '시즌 1 - 2화', '에피소드 상세 설명입니다.', 'https://picsum.photos/seed/video72/800/600', 3077, 'PUBLIC'),
(73, 8, 3, '시즌 1 - 3화', '에피소드 상세 설명입니다.', 'https://picsum.photos/seed/video73/800/600', 923, 'PUBLIC'),
(74, 8, 4, '시즌 1 - 4화', '에피소드 상세 설명입니다.', 'https://picsum.photos/seed/video74/800/600', 4362, 'PUBLIC'),
(75, 8, 5, '시즌 1 - 5화', '에피소드 상세 설명입니다.', 'https://picsum.photos/seed/video75/800/600', 6311, 'PUBLIC'),
(76, 8, 6, '시즌 1 - 6화', '에피소드 상세 설명입니다.', 'https://picsum.photos/seed/video76/800/600', 5463, 'PUBLIC'),
(77, 8, 7, '시즌 1 - 7화', '에피소드 상세 설명입니다.', 'https://picsum.photos/seed/video77/800/600', 3567, 'PUBLIC'),
(78, 8, 8, '시즌 1 - 8화', '에피소드 상세 설명입니다.', 'https://picsum.photos/seed/video78/800/600', 7549, 'PUBLIC'),
(79, 8, 9, '시즌 1 - 9화', '에피소드 상세 설명입니다.', 'https://picsum.photos/seed/video79/800/600', 5455, 'PUBLIC'),
(80, 8, 10, '시즌 1 - 10화', '에피소드 상세 설명입니다.', 'https://picsum.photos/seed/video80/800/600', 5629, 'PUBLIC'),
(81, 9, 1, '시즌 1 - 1화', '에피소드 상세 설명입니다.', 'https://picsum.photos/seed/video81/800/600', 6311, 'PUBLIC'),
(82, 9, 2, '시즌 1 - 2화', '에피소드 상세 설명입니다.', 'https://picsum.photos/seed/video82/800/600', 4658, 'PUBLIC'),
(83, 9, 3, '시즌 1 - 3화', '에피소드 상세 설명입니다.', 'https://picsum.photos/seed/video83/800/600', 7006, 'PUBLIC'),
(84, 9, 4, '시즌 1 - 4화', '에피소드 상세 설명입니다.', 'https://picsum.photos/seed/video84/800/600', 4233, 'PUBLIC'),
(85, 9, 5, '시즌 1 - 5화', '에피소드 상세 설명입니다.', 'https://picsum.photos/seed/video85/800/600', 1441, 'PUBLIC'),
(86, 9, 6, '시즌 1 - 6화', '에피소드 상세 설명입니다.', 'https://picsum.photos/seed/video86/800/600', 7805, 'PUBLIC'),
(87, 9, 7, '시즌 1 - 7화', '에피소드 상세 설명입니다.', 'https://picsum.photos/seed/video87/800/600', 417, 'PUBLIC'),
(88, 9, 8, '시즌 1 - 8화', '에피소드 상세 설명입니다.', 'https://picsum.photos/seed/video88/800/600', 8937, 'PUBLIC'),
(89, 9, 9, '시즌 1 - 9화', '에피소드 상세 설명입니다.', 'https://picsum.photos/seed/video89/800/600', 953, 'PUBLIC'),
(90, 9, 10, '시즌 1 - 10화', '에피소드 상세 설명입니다.', 'https://picsum.photos/seed/video90/800/600', 5833, 'PUBLIC'),
(91, 10, 1, '시즌 1 - 1화', '에피소드 상세 설명입니다.', 'https://picsum.photos/seed/video91/800/600', 3773, 'PUBLIC'),
(92, 10, 2, '시즌 1 - 2화', '에피소드 상세 설명입니다.', 'https://picsum.photos/seed/video92/800/600', 1224, 'PUBLIC'),
(93, 10, 3, '시즌 1 - 3화', '에피소드 상세 설명입니다.', 'https://picsum.photos/seed/video93/800/600', 759, 'PUBLIC'),
(94, 10, 4, '시즌 1 - 4화', '에피소드 상세 설명입니다.', 'https://picsum.photos/seed/video94/800/600', 608, 'PUBLIC'),
(95, 10, 5, '시즌 1 - 5화', '에피소드 상세 설명입니다.', 'https://picsum.photos/seed/video95/800/600', 4151, 'PUBLIC'),
(96, 10, 6, '시즌 1 - 6화', '에피소드 상세 설명입니다.', 'https://picsum.photos/seed/video96/800/600', 3366, 'PUBLIC'),
(97, 10, 7, '시즌 1 - 7화', '에피소드 상세 설명입니다.', 'https://picsum.photos/seed/video97/800/600', 433, 'PUBLIC'),
(98, 10, 8, '시즌 1 - 8화', '에피소드 상세 설명입니다.', 'https://picsum.photos/seed/video98/800/600', 2596, 'PUBLIC'),
(99, 10, 9, '시즌 1 - 9화', '에피소드 상세 설명입니다.', 'https://picsum.photos/seed/video99/800/600', 4008, 'PUBLIC'),
(100, 10, 10, '시즌 1 - 10화', '에피소드 상세 설명입니다.', 'https://picsum.photos/seed/video100/800/600', 2168, 'PUBLIC'),
(101, 11, 1, '시즌 1 - 1화', '에피소드 상세 설명입니다.', 'https://picsum.photos/seed/video101/800/600', 7858, 'PUBLIC'),
(102, 11, 2, '시즌 1 - 2화', '에피소드 상세 설명입니다.', 'https://picsum.photos/seed/video102/800/600', 1974, 'PUBLIC'),
(103, 11, 3, '시즌 1 - 3화', '에피소드 상세 설명입니다.', 'https://picsum.photos/seed/video103/800/600', 9340, 'PUBLIC'),
(104, 11, 4, '시즌 1 - 4화', '에피소드 상세 설명입니다.', 'https://picsum.photos/seed/video104/800/600', 3671, 'PUBLIC'),
(105, 11, 5, '시즌 1 - 5화', '에피소드 상세 설명입니다.', 'https://picsum.photos/seed/video105/800/600', 7719, 'PUBLIC'),
(106, 11, 6, '시즌 1 - 6화', '에피소드 상세 설명입니다.', 'https://picsum.photos/seed/video106/800/600', 4298, 'PUBLIC'),
(107, 11, 7, '시즌 1 - 7화', '에피소드 상세 설명입니다.', 'https://picsum.photos/seed/video107/800/600', 6143, 'PUBLIC'),
(108, 11, 8, '시즌 1 - 8화', '에피소드 상세 설명입니다.', 'https://picsum.photos/seed/video108/800/600', 2849, 'PUBLIC'),
(109, 11, 9, '시즌 1 - 9화', '에피소드 상세 설명입니다.', 'https://picsum.photos/seed/video109/800/600', 1976, 'PUBLIC'),
(110, 11, 10, '시즌 1 - 10화', '에피소드 상세 설명입니다.', 'https://picsum.photos/seed/video110/800/600', 2783, 'PUBLIC'),
(111, 12, 1, '시즌 1 - 1화', '에피소드 상세 설명입니다.', 'https://picsum.photos/seed/video111/800/600', 5196, 'PUBLIC'),
(112, 12, 2, '시즌 1 - 2화', '에피소드 상세 설명입니다.', 'https://picsum.photos/seed/video112/800/600', 1871, 'PUBLIC'),
(113, 12, 3, '시즌 1 - 3화', '에피소드 상세 설명입니다.', 'https://picsum.photos/seed/video113/800/600', 9581, 'PUBLIC'),
(114, 12, 4, '시즌 1 - 4화', '에피소드 상세 설명입니다.', 'https://picsum.photos/seed/video114/800/600', 520, 'PUBLIC'),
(115, 12, 5, '시즌 1 - 5화', '에피소드 상세 설명입니다.', 'https://picsum.photos/seed/video115/800/600', 5211, 'PUBLIC'),
(116, 12, 6, '시즌 1 - 6화', '에피소드 상세 설명입니다.', 'https://picsum.photos/seed/video116/800/600', 9533, 'PUBLIC'),
(117, 12, 7, '시즌 1 - 7화', '에피소드 상세 설명입니다.', 'https://picsum.photos/seed/video117/800/600', 6249, 'PUBLIC'),
(118, 12, 8, '시즌 1 - 8화', '에피소드 상세 설명입니다.', 'https://picsum.photos/seed/video118/800/600', 6598, 'PUBLIC'),
(119, 12, 9, '시즌 1 - 9화', '에피소드 상세 설명입니다.', 'https://picsum.photos/seed/video119/800/600', 3349, 'PUBLIC'),
(120, 12, 10, '시즌 1 - 10화', '에피소드 상세 설명입니다.', 'https://picsum.photos/seed/video120/800/600', 1345, 'PUBLIC'),
(121, 13, 1, '시즌 1 - 1화', '에피소드 상세 설명입니다.', 'https://picsum.photos/seed/video121/800/600', 9800, 'PUBLIC'),
(122, 13, 2, '시즌 1 - 2화', '에피소드 상세 설명입니다.', 'https://picsum.photos/seed/video122/800/600', 4078, 'PUBLIC'),
(123, 13, 3, '시즌 1 - 3화', '에피소드 상세 설명입니다.', 'https://picsum.photos/seed/video123/800/600', 1769, 'PUBLIC'),
(124, 13, 4, '시즌 1 - 4화', '에피소드 상세 설명입니다.', 'https://picsum.photos/seed/video124/800/600', 5041, 'PUBLIC'),
(125, 13, 5, '시즌 1 - 5화', '에피소드 상세 설명입니다.', 'https://picsum.photos/seed/video125/800/600', 9937, 'PUBLIC'),
(126, 13, 6, '시즌 1 - 6화', '에피소드 상세 설명입니다.', 'https://picsum.photos/seed/video126/800/600', 2083, 'PUBLIC'),
(127, 13, 7, '시즌 1 - 7화', '에피소드 상세 설명입니다.', 'https://picsum.photos/seed/video127/800/600', 9372, 'PUBLIC'),
(128, 13, 8, '시즌 1 - 8화', '에피소드 상세 설명입니다.', 'https://picsum.photos/seed/video128/800/600', 772, 'PUBLIC'),
(129, 13, 9, '시즌 1 - 9화', '에피소드 상세 설명입니다.', 'https://picsum.photos/seed/video129/800/600', 5788, 'PUBLIC'),
(130, 13, 10, '시즌 1 - 10화', '에피소드 상세 설명입니다.', 'https://picsum.photos/seed/video130/800/600', 8828, 'PUBLIC'),
(131, 14, 1, '시즌 1 - 1화', '에피소드 상세 설명입니다.', 'https://picsum.photos/seed/video131/800/600', 7118, 'PUBLIC'),
(132, 14, 2, '시즌 1 - 2화', '에피소드 상세 설명입니다.', 'https://picsum.photos/seed/video132/800/600', 6171, 'PUBLIC'),
(133, 14, 3, '시즌 1 - 3화', '에피소드 상세 설명입니다.', 'https://picsum.photos/seed/video133/800/600', 1229, 'PUBLIC'),
(134, 14, 4, '시즌 1 - 4화', '에피소드 상세 설명입니다.', 'https://picsum.photos/seed/video134/800/600', 8389, 'PUBLIC'),
(135, 14, 5, '시즌 1 - 5화', '에피소드 상세 설명입니다.', 'https://picsum.photos/seed/video135/800/600', 5690, 'PUBLIC'),
(136, 14, 6, '시즌 1 - 6화', '에피소드 상세 설명입니다.', 'https://picsum.photos/seed/video136/800/600', 307, 'PUBLIC'),
(137, 14, 7, '시즌 1 - 7화', '에피소드 상세 설명입니다.', 'https://picsum.photos/seed/video137/800/600', 6982, 'PUBLIC'),
(138, 14, 8, '시즌 1 - 8화', '에피소드 상세 설명입니다.', 'https://picsum.photos/seed/video138/800/600', 8131, 'PUBLIC'),
(139, 14, 9, '시즌 1 - 9화', '에피소드 상세 설명입니다.', 'https://picsum.photos/seed/video139/800/600', 1829, 'PUBLIC'),
(140, 14, 10, '시즌 1 - 10화', '에피소드 상세 설명입니다.', 'https://picsum.photos/seed/video140/800/600', 7202, 'PUBLIC'),
(141, 15, 1, '시즌 1 - 1화', '에피소드 상세 설명입니다.', 'https://picsum.photos/seed/video141/800/600', 6034, 'PUBLIC'),
(142, 15, 2, '시즌 1 - 2화', '에피소드 상세 설명입니다.', 'https://picsum.photos/seed/video142/800/600', 7632, 'PUBLIC'),
(143, 15, 3, '시즌 1 - 3화', '에피소드 상세 설명입니다.', 'https://picsum.photos/seed/video143/800/600', 2606, 'PUBLIC'),
(144, 15, 4, '시즌 1 - 4화', '에피소드 상세 설명입니다.', 'https://picsum.photos/seed/video144/800/600', 7235, 'PUBLIC'),
(145, 15, 5, '시즌 1 - 5화', '에피소드 상세 설명입니다.', 'https://picsum.photos/seed/video145/800/600', 2985, 'PUBLIC'),
(146, 15, 6, '시즌 1 - 6화', '에피소드 상세 설명입니다.', 'https://picsum.photos/seed/video146/800/600', 8648, 'PUBLIC'),
(147, 15, 7, '시즌 1 - 7화', '에피소드 상세 설명입니다.', 'https://picsum.photos/seed/video147/800/600', 4525, 'PUBLIC'),
(148, 15, 8, '시즌 1 - 8화', '에피소드 상세 설명입니다.', 'https://picsum.photos/seed/video148/800/600', 8917, 'PUBLIC'),
(149, 15, 9, '시즌 1 - 9화', '에피소드 상세 설명입니다.', 'https://picsum.photos/seed/video149/800/600', 8021, 'PUBLIC'),
(150, 15, 10, '시즌 1 - 10화', '에피소드 상세 설명입니다.', 'https://picsum.photos/seed/video150/800/600', 7716, 'PUBLIC'),
(151, 16, 1, '시즌 1 - 1화', '에피소드 상세 설명입니다.', 'https://picsum.photos/seed/video151/800/600', 7236, 'PUBLIC'),
(152, 16, 2, '시즌 1 - 2화', '에피소드 상세 설명입니다.', 'https://picsum.photos/seed/video152/800/600', 9807, 'PUBLIC'),
(153, 16, 3, '시즌 1 - 3화', '에피소드 상세 설명입니다.', 'https://picsum.photos/seed/video153/800/600', 4497, 'PUBLIC'),
(154, 16, 4, '시즌 1 - 4화', '에피소드 상세 설명입니다.', 'https://picsum.photos/seed/video154/800/600', 5380, 'PUBLIC'),
(155, 16, 5, '시즌 1 - 5화', '에피소드 상세 설명입니다.', 'https://picsum.photos/seed/video155/800/600', 4122, 'PUBLIC'),
(156, 16, 6, '시즌 1 - 6화', '에피소드 상세 설명입니다.', 'https://picsum.photos/seed/video156/800/600', 1519, 'PUBLIC'),
(157, 16, 7, '시즌 1 - 7화', '에피소드 상세 설명입니다.', 'https://picsum.photos/seed/video157/800/600', 4669, 'PUBLIC'),
(158, 16, 8, '시즌 1 - 8화', '에피소드 상세 설명입니다.', 'https://picsum.photos/seed/video158/800/600', 7485, 'PUBLIC'),
(159, 16, 9, '시즌 1 - 9화', '에피소드 상세 설명입니다.', 'https://picsum.photos/seed/video159/800/600', 4095, 'PUBLIC'),
(160, 16, 10, '시즌 1 - 10화', '에피소드 상세 설명입니다.', 'https://picsum.photos/seed/video160/800/600', 7713, 'PUBLIC'),
(161, 17, 1, '시즌 1 - 1화', '에피소드 상세 설명입니다.', 'https://picsum.photos/seed/video161/800/600', 9436, 'PUBLIC'),
(162, 17, 2, '시즌 1 - 2화', '에피소드 상세 설명입니다.', 'https://picsum.photos/seed/video162/800/600', 6309, 'PUBLIC'),
(163, 17, 3, '시즌 1 - 3화', '에피소드 상세 설명입니다.', 'https://picsum.photos/seed/video163/800/600', 5611, 'PUBLIC'),
(164, 17, 4, '시즌 1 - 4화', '에피소드 상세 설명입니다.', 'https://picsum.photos/seed/video164/800/600', 570, 'PUBLIC'),
(165, 17, 5, '시즌 1 - 5화', '에피소드 상세 설명입니다.', 'https://picsum.photos/seed/video165/800/600', 8198, 'PUBLIC'),
(166, 17, 6, '시즌 1 - 6화', '에피소드 상세 설명입니다.', 'https://picsum.photos/seed/video166/800/600', 5425, 'PUBLIC'),
(167, 17, 7, '시즌 1 - 7화', '에피소드 상세 설명입니다.', 'https://picsum.photos/seed/video167/800/600', 3079, 'PUBLIC'),
(168, 17, 8, '시즌 1 - 8화', '에피소드 상세 설명입니다.', 'https://picsum.photos/seed/video168/800/600', 8088, 'PUBLIC'),
(169, 17, 9, '시즌 1 - 9화', '에피소드 상세 설명입니다.', 'https://picsum.photos/seed/video169/800/600', 3575, 'PUBLIC'),
(170, 17, 10, '시즌 1 - 10화', '에피소드 상세 설명입니다.', 'https://picsum.photos/seed/video170/800/600', 5913, 'PUBLIC'),
(171, 18, 1, '시즌 1 - 1화', '에피소드 상세 설명입니다.', 'https://picsum.photos/seed/video171/800/600', 4332, 'PUBLIC'),
(172, 18, 2, '시즌 1 - 2화', '에피소드 상세 설명입니다.', 'https://picsum.photos/seed/video172/800/600', 5676, 'PUBLIC'),
(173, 18, 3, '시즌 1 - 3화', '에피소드 상세 설명입니다.', 'https://picsum.photos/seed/video173/800/600', 4681, 'PUBLIC'),
(174, 18, 4, '시즌 1 - 4화', '에피소드 상세 설명입니다.', 'https://picsum.photos/seed/video174/800/600', 9867, 'PUBLIC'),
(175, 18, 5, '시즌 1 - 5화', '에피소드 상세 설명입니다.', 'https://picsum.photos/seed/video175/800/600', 4626, 'PUBLIC'),
(176, 18, 6, '시즌 1 - 6화', '에피소드 상세 설명입니다.', 'https://picsum.photos/seed/video176/800/600', 9206, 'PUBLIC'),
(177, 18, 7, '시즌 1 - 7화', '에피소드 상세 설명입니다.', 'https://picsum.photos/seed/video177/800/600', 266, 'PUBLIC'),
(178, 18, 8, '시즌 1 - 8화', '에피소드 상세 설명입니다.', 'https://picsum.photos/seed/video178/800/600', 8564, 'PUBLIC'),
(179, 18, 9, '시즌 1 - 9화', '에피소드 상세 설명입니다.', 'https://picsum.photos/seed/video179/800/600', 3230, 'PUBLIC'),
(180, 18, 10, '시즌 1 - 10화', '에피소드 상세 설명입니다.', 'https://picsum.photos/seed/video180/800/600', 1502, 'PUBLIC'),
(181, 19, 1, '시즌 1 - 1화', '에피소드 상세 설명입니다.', 'https://picsum.photos/seed/video181/800/600', 4054, 'PUBLIC'),
(182, 19, 2, '시즌 1 - 2화', '에피소드 상세 설명입니다.', 'https://picsum.photos/seed/video182/800/600', 6758, 'PUBLIC'),
(183, 19, 3, '시즌 1 - 3화', '에피소드 상세 설명입니다.', 'https://picsum.photos/seed/video183/800/600', 8104, 'PUBLIC'),
(184, 19, 4, '시즌 1 - 4화', '에피소드 상세 설명입니다.', 'https://picsum.photos/seed/video184/800/600', 9196, 'PUBLIC'),
(185, 19, 5, '시즌 1 - 5화', '에피소드 상세 설명입니다.', 'https://picsum.photos/seed/video185/800/600', 4037, 'PUBLIC'),
(186, 19, 6, '시즌 1 - 6화', '에피소드 상세 설명입니다.', 'https://picsum.photos/seed/video186/800/600', 7900, 'PUBLIC'),
(187, 19, 7, '시즌 1 - 7화', '에피소드 상세 설명입니다.', 'https://picsum.photos/seed/video187/800/600', 8141, 'PUBLIC'),
(188, 19, 8, '시즌 1 - 8화', '에피소드 상세 설명입니다.', 'https://picsum.photos/seed/video188/800/600', 7442, 'PUBLIC'),
(189, 19, 9, '시즌 1 - 9화', '에피소드 상세 설명입니다.', 'https://picsum.photos/seed/video189/800/600', 382, 'PUBLIC'),
(190, 19, 10, '시즌 1 - 10화', '에피소드 상세 설명입니다.', 'https://picsum.photos/seed/video190/800/600', 1624, 'PUBLIC'),
(191, 20, 1, '시즌 1 - 1화', '에피소드 상세 설명입니다.', 'https://picsum.photos/seed/video191/800/600', 4920, 'PUBLIC'),
(192, 20, 2, '시즌 1 - 2화', '에피소드 상세 설명입니다.', 'https://picsum.photos/seed/video192/800/600', 3730, 'PUBLIC'),
(193, 20, 3, '시즌 1 - 3화', '에피소드 상세 설명입니다.', 'https://picsum.photos/seed/video193/800/600', 6725, 'PUBLIC'),
(194, 20, 4, '시즌 1 - 4화', '에피소드 상세 설명입니다.', 'https://picsum.photos/seed/video194/800/600', 4086, 'PUBLIC'),
(195, 20, 5, '시즌 1 - 5화', '에피소드 상세 설명입니다.', 'https://picsum.photos/seed/video195/800/600', 5116, 'PUBLIC'),
(196, 20, 6, '시즌 1 - 6화', '에피소드 상세 설명입니다.', 'https://picsum.photos/seed/video196/800/600', 9628, 'PUBLIC'),
(197, 20, 7, '시즌 1 - 7화', '에피소드 상세 설명입니다.', 'https://picsum.photos/seed/video197/800/600', 6146, 'PUBLIC'),
(198, 20, 8, '시즌 1 - 8화', '에피소드 상세 설명입니다.', 'https://picsum.photos/seed/video198/800/600', 7853, 'PUBLIC'),
(199, 20, 9, '시즌 1 - 9화', '에피소드 상세 설명입니다.', 'https://picsum.photos/seed/video199/800/600', 9168, 'PUBLIC'),
(200, 20, 10, '시즌 1 - 10화', '에피소드 상세 설명입니다.', 'https://picsum.photos/seed/video200/800/600', 8798, 'PUBLIC'),
(201, 21, 1, '영화 본편', '에피소드 상세 설명입니다.', 'https://picsum.photos/seed/video201/800/600', 5732, 'PUBLIC'),
(202, 22, 1, '영화 본편', '에피소드 상세 설명입니다.', 'https://picsum.photos/seed/video202/800/600', 7071, 'PUBLIC'),
(203, 23, 1, '영화 본편', '에피소드 상세 설명입니다.', 'https://picsum.photos/seed/video203/800/600', 9117, 'PUBLIC'),
(204, 24, 1, '영화 본편', '에피소드 상세 설명입니다.', 'https://picsum.photos/seed/video204/800/600', 5519, 'PUBLIC'),
(205, 25, 1, '영화 본편', '에피소드 상세 설명입니다.', 'https://picsum.photos/seed/video205/800/600', 5864, 'PUBLIC'),
(206, 26, 1, '영화 본편', '에피소드 상세 설명입니다.', 'https://picsum.photos/seed/video206/800/600', 7534, 'PUBLIC'),
(207, 27, 1, '영화 본편', '에피소드 상세 설명입니다.', 'https://picsum.photos/seed/video207/800/600', 4538, 'PUBLIC'),
(208, 28, 1, '영화 본편', '에피소드 상세 설명입니다.', 'https://picsum.photos/seed/video208/800/600', 5123, 'PUBLIC'),
(209, 29, 1, '영화 본편', '에피소드 상세 설명입니다.', 'https://picsum.photos/seed/video209/800/600', 4218, 'PUBLIC'),
(210, 30, 1, '영화 본편', '에피소드 상세 설명입니다.', 'https://picsum.photos/seed/video210/800/600', 3877, 'PUBLIC'),
(211, 31, 1, '영화 본편', '에피소드 상세 설명입니다.', 'https://picsum.photos/seed/video211/800/600', 2076, 'PUBLIC'),
(212, 32, 1, '영화 본편', '에피소드 상세 설명입니다.', 'https://picsum.photos/seed/video212/800/600', 3255, 'PUBLIC'),
(213, 33, 1, '영화 본편', '에피소드 상세 설명입니다.', 'https://picsum.photos/seed/video213/800/600', 5269, 'PUBLIC'),
(214, 34, 1, '영화 본편', '에피소드 상세 설명입니다.', 'https://picsum.photos/seed/video214/800/600', 2058, 'PUBLIC'),
(215, 35, 1, '영화 본편', '에피소드 상세 설명입니다.', 'https://picsum.photos/seed/video215/800/600', 8879, 'PUBLIC'),
(216, 36, 1, '영화 본편', '에피소드 상세 설명입니다.', 'https://picsum.photos/seed/video216/800/600', 3133, 'PUBLIC'),
(217, 37, 1, '영화 본편', '에피소드 상세 설명입니다.', 'https://picsum.photos/seed/video217/800/600', 3238, 'PUBLIC'),
(218, 38, 1, '영화 본편', '에피소드 상세 설명입니다.', 'https://picsum.photos/seed/video218/800/600', 3645, 'PUBLIC'),
(219, 39, 1, '영화 본편', '에피소드 상세 설명입니다.', 'https://picsum.photos/seed/video219/800/600', 8033, 'PUBLIC'),
(220, 40, 1, '영화 본편', '에피소드 상세 설명입니다.', 'https://picsum.photos/seed/video220/800/600', 4630, 'PUBLIC'),
(221, 41, 1, '영화 본편', '에피소드 상세 설명입니다.', 'https://picsum.photos/seed/video221/800/600', 9759, 'PUBLIC'),
(222, 42, 1, '영화 본편', '에피소드 상세 설명입니다.', 'https://picsum.photos/seed/video222/800/600', 8695, 'PUBLIC'),
(223, 43, 1, '영화 본편', '에피소드 상세 설명입니다.', 'https://picsum.photos/seed/video223/800/600', 9877, 'PUBLIC'),
(224, 44, 1, '영화 본편', '에피소드 상세 설명입니다.', 'https://picsum.photos/seed/video224/800/600', 4736, 'PUBLIC'),
(225, 45, 1, '영화 본편', '에피소드 상세 설명입니다.', 'https://picsum.photos/seed/video225/800/600', 1747, 'PUBLIC'),
(226, 46, 1, '영화 본편', '에피소드 상세 설명입니다.', 'https://picsum.photos/seed/video226/800/600', 3280, 'PUBLIC'),
(227, 47, 1, '영화 본편', '에피소드 상세 설명입니다.', 'https://picsum.photos/seed/video227/800/600', 4953, 'PUBLIC'),
(228, 48, 1, '영화 본편', '에피소드 상세 설명입니다.', 'https://picsum.photos/seed/video228/800/600', 3827, 'PUBLIC'),
(229, 49, 1, '영화 본편', '에피소드 상세 설명입니다.', 'https://picsum.photos/seed/video229/800/600', 6012, 'PUBLIC'),
(230, 50, 1, '영화 본편', '에피소드 상세 설명입니다.', 'https://picsum.photos/seed/video230/800/600', 3039, 'PUBLIC'),
(231, 51, 1, '영화 본편', '에피소드 상세 설명입니다.', 'https://picsum.photos/seed/video231/800/600', 5052, 'PUBLIC'),
(232, 52, 1, '영화 본편', '에피소드 상세 설명입니다.', 'https://picsum.photos/seed/video232/800/600', 331, 'PUBLIC'),
(233, 53, 1, '영화 본편', '에피소드 상세 설명입니다.', 'https://picsum.photos/seed/video233/800/600', 8851, 'PUBLIC'),
(234, 54, 1, '영화 본편', '에피소드 상세 설명입니다.', 'https://picsum.photos/seed/video234/800/600', 2173, 'PUBLIC'),
(235, 55, 1, '영화 본편', '에피소드 상세 설명입니다.', 'https://picsum.photos/seed/video235/800/600', 4594, 'PUBLIC'),
(236, 56, 1, '영화 본편', '에피소드 상세 설명입니다.', 'https://picsum.photos/seed/video236/800/600', 845, 'PUBLIC'),
(237, 57, 1, '영화 본편', '에피소드 상세 설명입니다.', 'https://picsum.photos/seed/video237/800/600', 993, 'PUBLIC'),
(238, 58, 1, '영화 본편', '에피소드 상세 설명입니다.', 'https://picsum.photos/seed/video238/800/600', 9166, 'PUBLIC'),
(239, 59, 1, '영화 본편', '에피소드 상세 설명입니다.', 'https://picsum.photos/seed/video239/800/600', 4886, 'PUBLIC'),
(240, 60, 1, '영화 본편', '에피소드 상세 설명입니다.', 'https://picsum.photos/seed/video240/800/600', 2168, 'PUBLIC'),
(241, 61, 1, '영화 본편', '에피소드 상세 설명입니다.', 'https://picsum.photos/seed/video241/800/600', 8142, 'PUBLIC'),
(242, 62, 1, '영화 본편', '에피소드 상세 설명입니다.', 'https://picsum.photos/seed/video242/800/600', 1780, 'PUBLIC'),
(243, 63, 1, '영화 본편', '에피소드 상세 설명입니다.', 'https://picsum.photos/seed/video243/800/600', 300, 'PUBLIC'),
(244, 64, 1, '영화 본편', '에피소드 상세 설명입니다.', 'https://picsum.photos/seed/video244/800/600', 9505, 'PUBLIC'),
(245, 65, 1, '영화 본편', '에피소드 상세 설명입니다.', 'https://picsum.photos/seed/video245/800/600', 4758, 'PUBLIC'),
(246, 66, 1, '영화 본편', '에피소드 상세 설명입니다.', 'https://picsum.photos/seed/video246/800/600', 7790, 'PUBLIC'),
(247, 67, 1, '영화 본편', '에피소드 상세 설명입니다.', 'https://picsum.photos/seed/video247/800/600', 7943, 'PUBLIC'),
(248, 68, 1, '영화 본편', '에피소드 상세 설명입니다.', 'https://picsum.photos/seed/video248/800/600', 7316, 'PUBLIC'),
(249, 69, 1, '영화 본편', '에피소드 상세 설명입니다.', 'https://picsum.photos/seed/video249/800/600', 5682, 'PUBLIC'),
(250, 70, 1, '영화 본편', '에피소드 상세 설명입니다.', 'https://picsum.photos/seed/video250/800/600', 3120, 'PUBLIC'),
(251, 71, 1, '영화 본편', '에피소드 상세 설명입니다.', 'https://picsum.photos/seed/video251/800/600', 941, 'PUBLIC'),
(252, 72, 1, '영화 본편', '에피소드 상세 설명입니다.', 'https://picsum.photos/seed/video252/800/600', 4236, 'PUBLIC'),
(253, 73, 1, '영화 본편', '에피소드 상세 설명입니다.', 'https://picsum.photos/seed/video253/800/600', 7927, 'PUBLIC'),
(254, 74, 1, '영화 본편', '에피소드 상세 설명입니다.', 'https://picsum.photos/seed/video254/800/600', 1969, 'PUBLIC'),
(255, 75, 1, '영화 본편', '에피소드 상세 설명입니다.', 'https://picsum.photos/seed/video255/800/600', 1170, 'PUBLIC'),
(256, 76, 1, '영화 본편', '에피소드 상세 설명입니다.', 'https://picsum.photos/seed/video256/800/600', 6665, 'PUBLIC'),
(257, 77, 1, '영화 본편', '에피소드 상세 설명입니다.', 'https://picsum.photos/seed/video257/800/600', 8156, 'PUBLIC'),
(258, 78, 1, '영화 본편', '에피소드 상세 설명입니다.', 'https://picsum.photos/seed/video258/800/600', 1313, 'PUBLIC'),
(259, 79, 1, '영화 본편', '에피소드 상세 설명입니다.', 'https://picsum.photos/seed/video259/800/600', 9553, 'PUBLIC'),
(260, 80, 1, '영화 본편', '에피소드 상세 설명입니다.', 'https://picsum.photos/seed/video260/800/600', 978, 'PUBLIC'),
(261, 81, 1, '영화 본편', '에피소드 상세 설명입니다.', 'https://picsum.photos/seed/video261/800/600', 2585, 'PUBLIC'),
(262, 82, 1, '영화 본편', '에피소드 상세 설명입니다.', 'https://picsum.photos/seed/video262/800/600', 2544, 'PUBLIC'),
(263, 83, 1, '영화 본편', '에피소드 상세 설명입니다.', 'https://picsum.photos/seed/video263/800/600', 9321, 'PUBLIC'),
(264, 84, 1, '영화 본편', '에피소드 상세 설명입니다.', 'https://picsum.photos/seed/video264/800/600', 5078, 'PUBLIC'),
(265, 85, 1, '영화 본편', '에피소드 상세 설명입니다.', 'https://picsum.photos/seed/video265/800/600', 1495, 'PUBLIC'),
(266, 86, 1, '영화 본편', '에피소드 상세 설명입니다.', 'https://picsum.photos/seed/video266/800/600', 4166, 'PUBLIC'),
(267, 87, 1, '영화 본편', '에피소드 상세 설명입니다.', 'https://picsum.photos/seed/video267/800/600', 2040, 'PUBLIC'),
(268, 88, 1, '영화 본편', '에피소드 상세 설명입니다.', 'https://picsum.photos/seed/video268/800/600', 9243, 'PUBLIC'),
(269, 89, 1, '영화 본편', '에피소드 상세 설명입니다.', 'https://picsum.photos/seed/video269/800/600', 6918, 'PUBLIC'),
(270, 90, 1, '영화 본편', '에피소드 상세 설명입니다.', 'https://picsum.photos/seed/video270/800/600', 9866, 'PUBLIC'),
(271, 91, 1, '영화 본편', '에피소드 상세 설명입니다.', 'https://picsum.photos/seed/video271/800/600', 3797, 'PUBLIC'),
(272, 92, 1, '영화 본편', '에피소드 상세 설명입니다.', 'https://picsum.photos/seed/video272/800/600', 8661, 'PUBLIC'),
(273, 93, 1, '영화 본편', '에피소드 상세 설명입니다.', 'https://picsum.photos/seed/video273/800/600', 6332, 'PUBLIC'),
(274, 94, 1, '영화 본편', '에피소드 상세 설명입니다.', 'https://picsum.photos/seed/video274/800/600', 7481, 'PUBLIC'),
(275, 95, 1, '영화 본편', '에피소드 상세 설명입니다.', 'https://picsum.photos/seed/video275/800/600', 7353, 'PUBLIC'),
(276, 96, 1, '영화 본편', '에피소드 상세 설명입니다.', 'https://picsum.photos/seed/video276/800/600', 4971, 'PUBLIC'),
(277, 97, 1, '영화 본편', '에피소드 상세 설명입니다.', 'https://picsum.photos/seed/video277/800/600', 9742, 'PUBLIC'),
(278, 98, 1, '영화 본편', '에피소드 상세 설명입니다.', 'https://picsum.photos/seed/video278/800/600', 7125, 'PUBLIC'),
(279, 99, 1, '영화 본편', '에피소드 상세 설명입니다.', 'https://picsum.photos/seed/video279/800/600', 5103, 'PUBLIC'),
(280, 100, 1, '영화 본편', '에피소드 상세 설명입니다.', 'https://picsum.photos/seed/video280/800/600', 9416, 'PUBLIC');

-- [8] video_files
INSERT INTO video_files (file_id, video_id, original_url, hls_url, duration_sec, transcode_status) VALUES
(1, 1, 's3://bucket/raw/vid_1.mp4', 'https://test-streams.mux.dev/x36xhzz/x36xhzz.m3u8', 3600, 'DONE'),
(2, 2, 's3://bucket/raw/vid_2.mp4', 'https://test-streams.mux.dev/x36xhzz/x36xhzz.m3u8', 3600, 'DONE'),
(3, 3, 's3://bucket/raw/vid_3.mp4', 'https://test-streams.mux.dev/x36xhzz/x36xhzz.m3u8', 3600, 'DONE'),
(4, 4, 's3://bucket/raw/vid_4.mp4', 'https://test-streams.mux.dev/x36xhzz/x36xhzz.m3u8', 3600, 'DONE'),
(5, 5, 's3://bucket/raw/vid_5.mp4', 'https://test-streams.mux.dev/x36xhzz/x36xhzz.m3u8', 3600, 'DONE'),
(6, 6, 's3://bucket/raw/vid_6.mp4', 'https://test-streams.mux.dev/x36xhzz/x36xhzz.m3u8', 3600, 'DONE'),
(7, 7, 's3://bucket/raw/vid_7.mp4', 'https://test-streams.mux.dev/x36xhzz/x36xhzz.m3u8', 3600, 'DONE'),
(8, 8, 's3://bucket/raw/vid_8.mp4', 'https://test-streams.mux.dev/x36xhzz/x36xhzz.m3u8', 3600, 'DONE'),
(9, 9, 's3://bucket/raw/vid_9.mp4', 'https://test-streams.mux.dev/x36xhzz/x36xhzz.m3u8', 3600, 'DONE'),
(10, 10, 's3://bucket/raw/vid_10.mp4', 'https://test-streams.mux.dev/x36xhzz/x36xhzz.m3u8', 3600, 'DONE'),
(11, 11, 's3://bucket/raw/vid_11.mp4', 'https://test-streams.mux.dev/x36xhzz/x36xhzz.m3u8', 3600, 'DONE'),
(12, 12, 's3://bucket/raw/vid_12.mp4', 'https://test-streams.mux.dev/x36xhzz/x36xhzz.m3u8', 3600, 'DONE'),
(13, 13, 's3://bucket/raw/vid_13.mp4', 'https://test-streams.mux.dev/x36xhzz/x36xhzz.m3u8', 3600, 'DONE'),
(14, 14, 's3://bucket/raw/vid_14.mp4', 'https://test-streams.mux.dev/x36xhzz/x36xhzz.m3u8', 3600, 'DONE'),
(15, 15, 's3://bucket/raw/vid_15.mp4', 'https://test-streams.mux.dev/x36xhzz/x36xhzz.m3u8', 3600, 'DONE'),
(16, 16, 's3://bucket/raw/vid_16.mp4', 'https://test-streams.mux.dev/x36xhzz/x36xhzz.m3u8', 3600, 'DONE'),
(17, 17, 's3://bucket/raw/vid_17.mp4', 'https://test-streams.mux.dev/x36xhzz/x36xhzz.m3u8', 3600, 'DONE'),
(18, 18, 's3://bucket/raw/vid_18.mp4', 'https://test-streams.mux.dev/x36xhzz/x36xhzz.m3u8', 3600, 'DONE'),
(19, 19, 's3://bucket/raw/vid_19.mp4', 'https://test-streams.mux.dev/x36xhzz/x36xhzz.m3u8', 3600, 'DONE'),
(20, 20, 's3://bucket/raw/vid_20.mp4', 'https://test-streams.mux.dev/x36xhzz/x36xhzz.m3u8', 3600, 'DONE'),
(21, 21, 's3://bucket/raw/vid_21.mp4', 'https://test-streams.mux.dev/x36xhzz/x36xhzz.m3u8', 3600, 'DONE'),
(22, 22, 's3://bucket/raw/vid_22.mp4', 'https://test-streams.mux.dev/x36xhzz/x36xhzz.m3u8', 3600, 'DONE'),
(23, 23, 's3://bucket/raw/vid_23.mp4', 'https://test-streams.mux.dev/x36xhzz/x36xhzz.m3u8', 3600, 'DONE'),
(24, 24, 's3://bucket/raw/vid_24.mp4', 'https://test-streams.mux.dev/x36xhzz/x36xhzz.m3u8', 3600, 'DONE'),
(25, 25, 's3://bucket/raw/vid_25.mp4', 'https://test-streams.mux.dev/x36xhzz/x36xhzz.m3u8', 3600, 'DONE'),
(26, 26, 's3://bucket/raw/vid_26.mp4', 'https://test-streams.mux.dev/x36xhzz/x36xhzz.m3u8', 3600, 'DONE'),
(27, 27, 's3://bucket/raw/vid_27.mp4', 'https://test-streams.mux.dev/x36xhzz/x36xhzz.m3u8', 3600, 'DONE'),
(28, 28, 's3://bucket/raw/vid_28.mp4', 'https://test-streams.mux.dev/x36xhzz/x36xhzz.m3u8', 3600, 'DONE'),
(29, 29, 's3://bucket/raw/vid_29.mp4', 'https://test-streams.mux.dev/x36xhzz/x36xhzz.m3u8', 3600, 'DONE'),
(30, 30, 's3://bucket/raw/vid_30.mp4', 'https://test-streams.mux.dev/x36xhzz/x36xhzz.m3u8', 3600, 'DONE'),
(31, 31, 's3://bucket/raw/vid_31.mp4', 'https://test-streams.mux.dev/x36xhzz/x36xhzz.m3u8', 3600, 'DONE'),
(32, 32, 's3://bucket/raw/vid_32.mp4', 'https://test-streams.mux.dev/x36xhzz/x36xhzz.m3u8', 3600, 'DONE'),
(33, 33, 's3://bucket/raw/vid_33.mp4', 'https://test-streams.mux.dev/x36xhzz/x36xhzz.m3u8', 3600, 'DONE'),
(34, 34, 's3://bucket/raw/vid_34.mp4', 'https://test-streams.mux.dev/x36xhzz/x36xhzz.m3u8', 3600, 'DONE'),
(35, 35, 's3://bucket/raw/vid_35.mp4', 'https://test-streams.mux.dev/x36xhzz/x36xhzz.m3u8', 3600, 'DONE'),
(36, 36, 's3://bucket/raw/vid_36.mp4', 'https://test-streams.mux.dev/x36xhzz/x36xhzz.m3u8', 3600, 'DONE'),
(37, 37, 's3://bucket/raw/vid_37.mp4', 'https://test-streams.mux.dev/x36xhzz/x36xhzz.m3u8', 3600, 'DONE'),
(38, 38, 's3://bucket/raw/vid_38.mp4', 'https://test-streams.mux.dev/x36xhzz/x36xhzz.m3u8', 3600, 'DONE'),
(39, 39, 's3://bucket/raw/vid_39.mp4', 'https://test-streams.mux.dev/x36xhzz/x36xhzz.m3u8', 3600, 'DONE'),
(40, 40, 's3://bucket/raw/vid_40.mp4', 'https://test-streams.mux.dev/x36xhzz/x36xhzz.m3u8', 3600, 'DONE'),
(41, 41, 's3://bucket/raw/vid_41.mp4', 'https://test-streams.mux.dev/x36xhzz/x36xhzz.m3u8', 3600, 'DONE'),
(42, 42, 's3://bucket/raw/vid_42.mp4', 'https://test-streams.mux.dev/x36xhzz/x36xhzz.m3u8', 3600, 'DONE'),
(43, 43, 's3://bucket/raw/vid_43.mp4', 'https://test-streams.mux.dev/x36xhzz/x36xhzz.m3u8', 3600, 'DONE'),
(44, 44, 's3://bucket/raw/vid_44.mp4', 'https://test-streams.mux.dev/x36xhzz/x36xhzz.m3u8', 3600, 'DONE'),
(45, 45, 's3://bucket/raw/vid_45.mp4', 'https://test-streams.mux.dev/x36xhzz/x36xhzz.m3u8', 3600, 'DONE'),
(46, 46, 's3://bucket/raw/vid_46.mp4', 'https://test-streams.mux.dev/x36xhzz/x36xhzz.m3u8', 3600, 'DONE'),
(47, 47, 's3://bucket/raw/vid_47.mp4', 'https://test-streams.mux.dev/x36xhzz/x36xhzz.m3u8', 3600, 'DONE'),
(48, 48, 's3://bucket/raw/vid_48.mp4', 'https://test-streams.mux.dev/x36xhzz/x36xhzz.m3u8', 3600, 'DONE'),
(49, 49, 's3://bucket/raw/vid_49.mp4', 'https://test-streams.mux.dev/x36xhzz/x36xhzz.m3u8', 3600, 'DONE'),
(50, 50, 's3://bucket/raw/vid_50.mp4', 'https://test-streams.mux.dev/x36xhzz/x36xhzz.m3u8', 3600, 'DONE'),
(51, 51, 's3://bucket/raw/vid_51.mp4', 'https://test-streams.mux.dev/x36xhzz/x36xhzz.m3u8', 3600, 'DONE'),
(52, 52, 's3://bucket/raw/vid_52.mp4', 'https://test-streams.mux.dev/x36xhzz/x36xhzz.m3u8', 3600, 'DONE'),
(53, 53, 's3://bucket/raw/vid_53.mp4', 'https://test-streams.mux.dev/x36xhzz/x36xhzz.m3u8', 3600, 'DONE'),
(54, 54, 's3://bucket/raw/vid_54.mp4', 'https://test-streams.mux.dev/x36xhzz/x36xhzz.m3u8', 3600, 'DONE'),
(55, 55, 's3://bucket/raw/vid_55.mp4', 'https://test-streams.mux.dev/x36xhzz/x36xhzz.m3u8', 3600, 'DONE'),
(56, 56, 's3://bucket/raw/vid_56.mp4', 'https://test-streams.mux.dev/x36xhzz/x36xhzz.m3u8', 3600, 'DONE'),
(57, 57, 's3://bucket/raw/vid_57.mp4', 'https://test-streams.mux.dev/x36xhzz/x36xhzz.m3u8', 3600, 'DONE'),
(58, 58, 's3://bucket/raw/vid_58.mp4', 'https://test-streams.mux.dev/x36xhzz/x36xhzz.m3u8', 3600, 'DONE'),
(59, 59, 's3://bucket/raw/vid_59.mp4', 'https://test-streams.mux.dev/x36xhzz/x36xhzz.m3u8', 3600, 'DONE'),
(60, 60, 's3://bucket/raw/vid_60.mp4', 'https://test-streams.mux.dev/x36xhzz/x36xhzz.m3u8', 3600, 'DONE'),
(61, 61, 's3://bucket/raw/vid_61.mp4', 'https://test-streams.mux.dev/x36xhzz/x36xhzz.m3u8', 3600, 'DONE'),
(62, 62, 's3://bucket/raw/vid_62.mp4', 'https://test-streams.mux.dev/x36xhzz/x36xhzz.m3u8', 3600, 'DONE'),
(63, 63, 's3://bucket/raw/vid_63.mp4', 'https://test-streams.mux.dev/x36xhzz/x36xhzz.m3u8', 3600, 'DONE'),
(64, 64, 's3://bucket/raw/vid_64.mp4', 'https://test-streams.mux.dev/x36xhzz/x36xhzz.m3u8', 3600, 'DONE'),
(65, 65, 's3://bucket/raw/vid_65.mp4', 'https://test-streams.mux.dev/x36xhzz/x36xhzz.m3u8', 3600, 'DONE'),
(66, 66, 's3://bucket/raw/vid_66.mp4', 'https://test-streams.mux.dev/x36xhzz/x36xhzz.m3u8', 3600, 'DONE'),
(67, 67, 's3://bucket/raw/vid_67.mp4', 'https://test-streams.mux.dev/x36xhzz/x36xhzz.m3u8', 3600, 'DONE'),
(68, 68, 's3://bucket/raw/vid_68.mp4', 'https://test-streams.mux.dev/x36xhzz/x36xhzz.m3u8', 3600, 'DONE'),
(69, 69, 's3://bucket/raw/vid_69.mp4', 'https://test-streams.mux.dev/x36xhzz/x36xhzz.m3u8', 3600, 'DONE'),
(70, 70, 's3://bucket/raw/vid_70.mp4', 'https://test-streams.mux.dev/x36xhzz/x36xhzz.m3u8', 3600, 'DONE'),
(71, 71, 's3://bucket/raw/vid_71.mp4', 'https://test-streams.mux.dev/x36xhzz/x36xhzz.m3u8', 3600, 'DONE'),
(72, 72, 's3://bucket/raw/vid_72.mp4', 'https://test-streams.mux.dev/x36xhzz/x36xhzz.m3u8', 3600, 'DONE'),
(73, 73, 's3://bucket/raw/vid_73.mp4', 'https://test-streams.mux.dev/x36xhzz/x36xhzz.m3u8', 3600, 'DONE'),
(74, 74, 's3://bucket/raw/vid_74.mp4', 'https://test-streams.mux.dev/x36xhzz/x36xhzz.m3u8', 3600, 'DONE'),
(75, 75, 's3://bucket/raw/vid_75.mp4', 'https://test-streams.mux.dev/x36xhzz/x36xhzz.m3u8', 3600, 'DONE'),
(76, 76, 's3://bucket/raw/vid_76.mp4', 'https://test-streams.mux.dev/x36xhzz/x36xhzz.m3u8', 3600, 'DONE'),
(77, 77, 's3://bucket/raw/vid_77.mp4', 'https://test-streams.mux.dev/x36xhzz/x36xhzz.m3u8', 3600, 'DONE'),
(78, 78, 's3://bucket/raw/vid_78.mp4', 'https://test-streams.mux.dev/x36xhzz/x36xhzz.m3u8', 3600, 'DONE'),
(79, 79, 's3://bucket/raw/vid_79.mp4', 'https://test-streams.mux.dev/x36xhzz/x36xhzz.m3u8', 3600, 'DONE'),
(80, 80, 's3://bucket/raw/vid_80.mp4', 'https://test-streams.mux.dev/x36xhzz/x36xhzz.m3u8', 3600, 'DONE'),
(81, 81, 's3://bucket/raw/vid_81.mp4', 'https://test-streams.mux.dev/x36xhzz/x36xhzz.m3u8', 3600, 'DONE'),
(82, 82, 's3://bucket/raw/vid_82.mp4', 'https://test-streams.mux.dev/x36xhzz/x36xhzz.m3u8', 3600, 'DONE'),
(83, 83, 's3://bucket/raw/vid_83.mp4', 'https://test-streams.mux.dev/x36xhzz/x36xhzz.m3u8', 3600, 'DONE'),
(84, 84, 's3://bucket/raw/vid_84.mp4', 'https://test-streams.mux.dev/x36xhzz/x36xhzz.m3u8', 3600, 'DONE'),
(85, 85, 's3://bucket/raw/vid_85.mp4', 'https://test-streams.mux.dev/x36xhzz/x36xhzz.m3u8', 3600, 'DONE'),
(86, 86, 's3://bucket/raw/vid_86.mp4', 'https://test-streams.mux.dev/x36xhzz/x36xhzz.m3u8', 3600, 'DONE'),
(87, 87, 's3://bucket/raw/vid_87.mp4', 'https://test-streams.mux.dev/x36xhzz/x36xhzz.m3u8', 3600, 'DONE'),
(88, 88, 's3://bucket/raw/vid_88.mp4', 'https://test-streams.mux.dev/x36xhzz/x36xhzz.m3u8', 3600, 'DONE'),
(89, 89, 's3://bucket/raw/vid_89.mp4', 'https://test-streams.mux.dev/x36xhzz/x36xhzz.m3u8', 3600, 'DONE'),
(90, 90, 's3://bucket/raw/vid_90.mp4', 'https://test-streams.mux.dev/x36xhzz/x36xhzz.m3u8', 3600, 'DONE'),
(91, 91, 's3://bucket/raw/vid_91.mp4', 'https://test-streams.mux.dev/x36xhzz/x36xhzz.m3u8', 3600, 'DONE'),
(92, 92, 's3://bucket/raw/vid_92.mp4', 'https://test-streams.mux.dev/x36xhzz/x36xhzz.m3u8', 3600, 'DONE'),
(93, 93, 's3://bucket/raw/vid_93.mp4', 'https://test-streams.mux.dev/x36xhzz/x36xhzz.m3u8', 3600, 'DONE'),
(94, 94, 's3://bucket/raw/vid_94.mp4', 'https://test-streams.mux.dev/x36xhzz/x36xhzz.m3u8', 3600, 'DONE'),
(95, 95, 's3://bucket/raw/vid_95.mp4', 'https://test-streams.mux.dev/x36xhzz/x36xhzz.m3u8', 3600, 'DONE'),
(96, 96, 's3://bucket/raw/vid_96.mp4', 'https://test-streams.mux.dev/x36xhzz/x36xhzz.m3u8', 3600, 'DONE'),
(97, 97, 's3://bucket/raw/vid_97.mp4', 'https://test-streams.mux.dev/x36xhzz/x36xhzz.m3u8', 3600, 'DONE'),
(98, 98, 's3://bucket/raw/vid_98.mp4', 'https://test-streams.mux.dev/x36xhzz/x36xhzz.m3u8', 3600, 'DONE'),
(99, 99, 's3://bucket/raw/vid_99.mp4', 'https://test-streams.mux.dev/x36xhzz/x36xhzz.m3u8', 3600, 'DONE'),
(100, 100, 's3://bucket/raw/vid_100.mp4', 'https://test-streams.mux.dev/x36xhzz/x36xhzz.m3u8', 3600, 'DONE'),
(101, 101, 's3://bucket/raw/vid_101.mp4', 'https://test-streams.mux.dev/x36xhzz/x36xhzz.m3u8', 3600, 'DONE'),
(102, 102, 's3://bucket/raw/vid_102.mp4', 'https://test-streams.mux.dev/x36xhzz/x36xhzz.m3u8', 3600, 'DONE'),
(103, 103, 's3://bucket/raw/vid_103.mp4', 'https://test-streams.mux.dev/x36xhzz/x36xhzz.m3u8', 3600, 'DONE'),
(104, 104, 's3://bucket/raw/vid_104.mp4', 'https://test-streams.mux.dev/x36xhzz/x36xhzz.m3u8', 3600, 'DONE'),
(105, 105, 's3://bucket/raw/vid_105.mp4', 'https://test-streams.mux.dev/x36xhzz/x36xhzz.m3u8', 3600, 'DONE'),
(106, 106, 's3://bucket/raw/vid_106.mp4', 'https://test-streams.mux.dev/x36xhzz/x36xhzz.m3u8', 3600, 'DONE'),
(107, 107, 's3://bucket/raw/vid_107.mp4', 'https://test-streams.mux.dev/x36xhzz/x36xhzz.m3u8', 3600, 'DONE'),
(108, 108, 's3://bucket/raw/vid_108.mp4', 'https://test-streams.mux.dev/x36xhzz/x36xhzz.m3u8', 3600, 'DONE'),
(109, 109, 's3://bucket/raw/vid_109.mp4', 'https://test-streams.mux.dev/x36xhzz/x36xhzz.m3u8', 3600, 'DONE'),
(110, 110, 's3://bucket/raw/vid_110.mp4', 'https://test-streams.mux.dev/x36xhzz/x36xhzz.m3u8', 3600, 'DONE'),
(111, 111, 's3://bucket/raw/vid_111.mp4', 'https://test-streams.mux.dev/x36xhzz/x36xhzz.m3u8', 3600, 'DONE'),
(112, 112, 's3://bucket/raw/vid_112.mp4', 'https://test-streams.mux.dev/x36xhzz/x36xhzz.m3u8', 3600, 'DONE'),
(113, 113, 's3://bucket/raw/vid_113.mp4', 'https://test-streams.mux.dev/x36xhzz/x36xhzz.m3u8', 3600, 'DONE'),
(114, 114, 's3://bucket/raw/vid_114.mp4', 'https://test-streams.mux.dev/x36xhzz/x36xhzz.m3u8', 3600, 'DONE'),
(115, 115, 's3://bucket/raw/vid_115.mp4', 'https://test-streams.mux.dev/x36xhzz/x36xhzz.m3u8', 3600, 'DONE'),
(116, 116, 's3://bucket/raw/vid_116.mp4', 'https://test-streams.mux.dev/x36xhzz/x36xhzz.m3u8', 3600, 'DONE'),
(117, 117, 's3://bucket/raw/vid_117.mp4', 'https://test-streams.mux.dev/x36xhzz/x36xhzz.m3u8', 3600, 'DONE'),
(118, 118, 's3://bucket/raw/vid_118.mp4', 'https://test-streams.mux.dev/x36xhzz/x36xhzz.m3u8', 3600, 'DONE'),
(119, 119, 's3://bucket/raw/vid_119.mp4', 'https://test-streams.mux.dev/x36xhzz/x36xhzz.m3u8', 3600, 'DONE'),
(120, 120, 's3://bucket/raw/vid_120.mp4', 'https://test-streams.mux.dev/x36xhzz/x36xhzz.m3u8', 3600, 'DONE'),
(121, 121, 's3://bucket/raw/vid_121.mp4', 'https://test-streams.mux.dev/x36xhzz/x36xhzz.m3u8', 3600, 'DONE'),
(122, 122, 's3://bucket/raw/vid_122.mp4', 'https://test-streams.mux.dev/x36xhzz/x36xhzz.m3u8', 3600, 'DONE'),
(123, 123, 's3://bucket/raw/vid_123.mp4', 'https://test-streams.mux.dev/x36xhzz/x36xhzz.m3u8', 3600, 'DONE'),
(124, 124, 's3://bucket/raw/vid_124.mp4', 'https://test-streams.mux.dev/x36xhzz/x36xhzz.m3u8', 3600, 'DONE'),
(125, 125, 's3://bucket/raw/vid_125.mp4', 'https://test-streams.mux.dev/x36xhzz/x36xhzz.m3u8', 3600, 'DONE'),
(126, 126, 's3://bucket/raw/vid_126.mp4', 'https://test-streams.mux.dev/x36xhzz/x36xhzz.m3u8', 3600, 'DONE'),
(127, 127, 's3://bucket/raw/vid_127.mp4', 'https://test-streams.mux.dev/x36xhzz/x36xhzz.m3u8', 3600, 'DONE'),
(128, 128, 's3://bucket/raw/vid_128.mp4', 'https://test-streams.mux.dev/x36xhzz/x36xhzz.m3u8', 3600, 'DONE'),
(129, 129, 's3://bucket/raw/vid_129.mp4', 'https://test-streams.mux.dev/x36xhzz/x36xhzz.m3u8', 3600, 'DONE'),
(130, 130, 's3://bucket/raw/vid_130.mp4', 'https://test-streams.mux.dev/x36xhzz/x36xhzz.m3u8', 3600, 'DONE'),
(131, 131, 's3://bucket/raw/vid_131.mp4', 'https://test-streams.mux.dev/x36xhzz/x36xhzz.m3u8', 3600, 'DONE'),
(132, 132, 's3://bucket/raw/vid_132.mp4', 'https://test-streams.mux.dev/x36xhzz/x36xhzz.m3u8', 3600, 'DONE'),
(133, 133, 's3://bucket/raw/vid_133.mp4', 'https://test-streams.mux.dev/x36xhzz/x36xhzz.m3u8', 3600, 'DONE'),
(134, 134, 's3://bucket/raw/vid_134.mp4', 'https://test-streams.mux.dev/x36xhzz/x36xhzz.m3u8', 3600, 'DONE'),
(135, 135, 's3://bucket/raw/vid_135.mp4', 'https://test-streams.mux.dev/x36xhzz/x36xhzz.m3u8', 3600, 'DONE'),
(136, 136, 's3://bucket/raw/vid_136.mp4', 'https://test-streams.mux.dev/x36xhzz/x36xhzz.m3u8', 3600, 'DONE'),
(137, 137, 's3://bucket/raw/vid_137.mp4', 'https://test-streams.mux.dev/x36xhzz/x36xhzz.m3u8', 3600, 'DONE'),
(138, 138, 's3://bucket/raw/vid_138.mp4', 'https://test-streams.mux.dev/x36xhzz/x36xhzz.m3u8', 3600, 'DONE'),
(139, 139, 's3://bucket/raw/vid_139.mp4', 'https://test-streams.mux.dev/x36xhzz/x36xhzz.m3u8', 3600, 'DONE'),
(140, 140, 's3://bucket/raw/vid_140.mp4', 'https://test-streams.mux.dev/x36xhzz/x36xhzz.m3u8', 3600, 'DONE'),
(141, 141, 's3://bucket/raw/vid_141.mp4', 'https://test-streams.mux.dev/x36xhzz/x36xhzz.m3u8', 3600, 'DONE'),
(142, 142, 's3://bucket/raw/vid_142.mp4', 'https://test-streams.mux.dev/x36xhzz/x36xhzz.m3u8', 3600, 'DONE'),
(143, 143, 's3://bucket/raw/vid_143.mp4', 'https://test-streams.mux.dev/x36xhzz/x36xhzz.m3u8', 3600, 'DONE'),
(144, 144, 's3://bucket/raw/vid_144.mp4', 'https://test-streams.mux.dev/x36xhzz/x36xhzz.m3u8', 3600, 'DONE'),
(145, 145, 's3://bucket/raw/vid_145.mp4', 'https://test-streams.mux.dev/x36xhzz/x36xhzz.m3u8', 3600, 'DONE'),
(146, 146, 's3://bucket/raw/vid_146.mp4', 'https://test-streams.mux.dev/x36xhzz/x36xhzz.m3u8', 3600, 'DONE'),
(147, 147, 's3://bucket/raw/vid_147.mp4', 'https://test-streams.mux.dev/x36xhzz/x36xhzz.m3u8', 3600, 'DONE'),
(148, 148, 's3://bucket/raw/vid_148.mp4', 'https://test-streams.mux.dev/x36xhzz/x36xhzz.m3u8', 3600, 'DONE'),
(149, 149, 's3://bucket/raw/vid_149.mp4', 'https://test-streams.mux.dev/x36xhzz/x36xhzz.m3u8', 3600, 'DONE'),
(150, 150, 's3://bucket/raw/vid_150.mp4', 'https://test-streams.mux.dev/x36xhzz/x36xhzz.m3u8', 3600, 'DONE'),
(151, 151, 's3://bucket/raw/vid_151.mp4', 'https://test-streams.mux.dev/x36xhzz/x36xhzz.m3u8', 3600, 'DONE'),
(152, 152, 's3://bucket/raw/vid_152.mp4', 'https://test-streams.mux.dev/x36xhzz/x36xhzz.m3u8', 3600, 'DONE'),
(153, 153, 's3://bucket/raw/vid_153.mp4', 'https://test-streams.mux.dev/x36xhzz/x36xhzz.m3u8', 3600, 'DONE'),
(154, 154, 's3://bucket/raw/vid_154.mp4', 'https://test-streams.mux.dev/x36xhzz/x36xhzz.m3u8', 3600, 'DONE'),
(155, 155, 's3://bucket/raw/vid_155.mp4', 'https://test-streams.mux.dev/x36xhzz/x36xhzz.m3u8', 3600, 'DONE'),
(156, 156, 's3://bucket/raw/vid_156.mp4', 'https://test-streams.mux.dev/x36xhzz/x36xhzz.m3u8', 3600, 'DONE'),
(157, 157, 's3://bucket/raw/vid_157.mp4', 'https://test-streams.mux.dev/x36xhzz/x36xhzz.m3u8', 3600, 'DONE'),
(158, 158, 's3://bucket/raw/vid_158.mp4', 'https://test-streams.mux.dev/x36xhzz/x36xhzz.m3u8', 3600, 'DONE'),
(159, 159, 's3://bucket/raw/vid_159.mp4', 'https://test-streams.mux.dev/x36xhzz/x36xhzz.m3u8', 3600, 'DONE'),
(160, 160, 's3://bucket/raw/vid_160.mp4', 'https://test-streams.mux.dev/x36xhzz/x36xhzz.m3u8', 3600, 'DONE'),
(161, 161, 's3://bucket/raw/vid_161.mp4', 'https://test-streams.mux.dev/x36xhzz/x36xhzz.m3u8', 3600, 'DONE'),
(162, 162, 's3://bucket/raw/vid_162.mp4', 'https://test-streams.mux.dev/x36xhzz/x36xhzz.m3u8', 3600, 'DONE'),
(163, 163, 's3://bucket/raw/vid_163.mp4', 'https://test-streams.mux.dev/x36xhzz/x36xhzz.m3u8', 3600, 'DONE'),
(164, 164, 's3://bucket/raw/vid_164.mp4', 'https://test-streams.mux.dev/x36xhzz/x36xhzz.m3u8', 3600, 'DONE'),
(165, 165, 's3://bucket/raw/vid_165.mp4', 'https://test-streams.mux.dev/x36xhzz/x36xhzz.m3u8', 3600, 'DONE'),
(166, 166, 's3://bucket/raw/vid_166.mp4', 'https://test-streams.mux.dev/x36xhzz/x36xhzz.m3u8', 3600, 'DONE'),
(167, 167, 's3://bucket/raw/vid_167.mp4', 'https://test-streams.mux.dev/x36xhzz/x36xhzz.m3u8', 3600, 'DONE'),
(168, 168, 's3://bucket/raw/vid_168.mp4', 'https://test-streams.mux.dev/x36xhzz/x36xhzz.m3u8', 3600, 'DONE'),
(169, 169, 's3://bucket/raw/vid_169.mp4', 'https://test-streams.mux.dev/x36xhzz/x36xhzz.m3u8', 3600, 'DONE'),
(170, 170, 's3://bucket/raw/vid_170.mp4', 'https://test-streams.mux.dev/x36xhzz/x36xhzz.m3u8', 3600, 'DONE'),
(171, 171, 's3://bucket/raw/vid_171.mp4', 'https://test-streams.mux.dev/x36xhzz/x36xhzz.m3u8', 3600, 'DONE'),
(172, 172, 's3://bucket/raw/vid_172.mp4', 'https://test-streams.mux.dev/x36xhzz/x36xhzz.m3u8', 3600, 'DONE'),
(173, 173, 's3://bucket/raw/vid_173.mp4', 'https://test-streams.mux.dev/x36xhzz/x36xhzz.m3u8', 3600, 'DONE'),
(174, 174, 's3://bucket/raw/vid_174.mp4', 'https://test-streams.mux.dev/x36xhzz/x36xhzz.m3u8', 3600, 'DONE'),
(175, 175, 's3://bucket/raw/vid_175.mp4', 'https://test-streams.mux.dev/x36xhzz/x36xhzz.m3u8', 3600, 'DONE'),
(176, 176, 's3://bucket/raw/vid_176.mp4', 'https://test-streams.mux.dev/x36xhzz/x36xhzz.m3u8', 3600, 'DONE'),
(177, 177, 's3://bucket/raw/vid_177.mp4', 'https://test-streams.mux.dev/x36xhzz/x36xhzz.m3u8', 3600, 'DONE'),
(178, 178, 's3://bucket/raw/vid_178.mp4', 'https://test-streams.mux.dev/x36xhzz/x36xhzz.m3u8', 3600, 'DONE'),
(179, 179, 's3://bucket/raw/vid_179.mp4', 'https://test-streams.mux.dev/x36xhzz/x36xhzz.m3u8', 3600, 'DONE'),
(180, 180, 's3://bucket/raw/vid_180.mp4', 'https://test-streams.mux.dev/x36xhzz/x36xhzz.m3u8', 3600, 'DONE'),
(181, 181, 's3://bucket/raw/vid_181.mp4', 'https://test-streams.mux.dev/x36xhzz/x36xhzz.m3u8', 3600, 'DONE'),
(182, 182, 's3://bucket/raw/vid_182.mp4', 'https://test-streams.mux.dev/x36xhzz/x36xhzz.m3u8', 3600, 'DONE'),
(183, 183, 's3://bucket/raw/vid_183.mp4', 'https://test-streams.mux.dev/x36xhzz/x36xhzz.m3u8', 3600, 'DONE'),
(184, 184, 's3://bucket/raw/vid_184.mp4', 'https://test-streams.mux.dev/x36xhzz/x36xhzz.m3u8', 3600, 'DONE'),
(185, 185, 's3://bucket/raw/vid_185.mp4', 'https://test-streams.mux.dev/x36xhzz/x36xhzz.m3u8', 3600, 'DONE'),
(186, 186, 's3://bucket/raw/vid_186.mp4', 'https://test-streams.mux.dev/x36xhzz/x36xhzz.m3u8', 3600, 'DONE'),
(187, 187, 's3://bucket/raw/vid_187.mp4', 'https://test-streams.mux.dev/x36xhzz/x36xhzz.m3u8', 3600, 'DONE'),
(188, 188, 's3://bucket/raw/vid_188.mp4', 'https://test-streams.mux.dev/x36xhzz/x36xhzz.m3u8', 3600, 'DONE'),
(189, 189, 's3://bucket/raw/vid_189.mp4', 'https://test-streams.mux.dev/x36xhzz/x36xhzz.m3u8', 3600, 'DONE'),
(190, 190, 's3://bucket/raw/vid_190.mp4', 'https://test-streams.mux.dev/x36xhzz/x36xhzz.m3u8', 3600, 'DONE'),
(191, 191, 's3://bucket/raw/vid_191.mp4', 'https://test-streams.mux.dev/x36xhzz/x36xhzz.m3u8', 3600, 'DONE'),
(192, 192, 's3://bucket/raw/vid_192.mp4', 'https://test-streams.mux.dev/x36xhzz/x36xhzz.m3u8', 3600, 'DONE'),
(193, 193, 's3://bucket/raw/vid_193.mp4', 'https://test-streams.mux.dev/x36xhzz/x36xhzz.m3u8', 3600, 'DONE'),
(194, 194, 's3://bucket/raw/vid_194.mp4', 'https://test-streams.mux.dev/x36xhzz/x36xhzz.m3u8', 3600, 'DONE'),
(195, 195, 's3://bucket/raw/vid_195.mp4', 'https://test-streams.mux.dev/x36xhzz/x36xhzz.m3u8', 3600, 'DONE'),
(196, 196, 's3://bucket/raw/vid_196.mp4', 'https://test-streams.mux.dev/x36xhzz/x36xhzz.m3u8', 3600, 'DONE'),
(197, 197, 's3://bucket/raw/vid_197.mp4', 'https://test-streams.mux.dev/x36xhzz/x36xhzz.m3u8', 3600, 'DONE'),
(198, 198, 's3://bucket/raw/vid_198.mp4', 'https://test-streams.mux.dev/x36xhzz/x36xhzz.m3u8', 3600, 'DONE'),
(199, 199, 's3://bucket/raw/vid_199.mp4', 'https://test-streams.mux.dev/x36xhzz/x36xhzz.m3u8', 3600, 'DONE'),
(200, 200, 's3://bucket/raw/vid_200.mp4', 'https://test-streams.mux.dev/x36xhzz/x36xhzz.m3u8', 3600, 'DONE'),
(201, 201, 's3://bucket/raw/vid_201.mp4', 'https://test-streams.mux.dev/x36xhzz/x36xhzz.m3u8', 3600, 'DONE'),
(202, 202, 's3://bucket/raw/vid_202.mp4', 'https://test-streams.mux.dev/x36xhzz/x36xhzz.m3u8', 3600, 'DONE'),
(203, 203, 's3://bucket/raw/vid_203.mp4', 'https://test-streams.mux.dev/x36xhzz/x36xhzz.m3u8', 3600, 'DONE'),
(204, 204, 's3://bucket/raw/vid_204.mp4', 'https://test-streams.mux.dev/x36xhzz/x36xhzz.m3u8', 3600, 'DONE'),
(205, 205, 's3://bucket/raw/vid_205.mp4', 'https://test-streams.mux.dev/x36xhzz/x36xhzz.m3u8', 3600, 'DONE'),
(206, 206, 's3://bucket/raw/vid_206.mp4', 'https://test-streams.mux.dev/x36xhzz/x36xhzz.m3u8', 3600, 'DONE'),
(207, 207, 's3://bucket/raw/vid_207.mp4', 'https://test-streams.mux.dev/x36xhzz/x36xhzz.m3u8', 3600, 'DONE'),
(208, 208, 's3://bucket/raw/vid_208.mp4', 'https://test-streams.mux.dev/x36xhzz/x36xhzz.m3u8', 3600, 'DONE'),
(209, 209, 's3://bucket/raw/vid_209.mp4', 'https://test-streams.mux.dev/x36xhzz/x36xhzz.m3u8', 3600, 'DONE'),
(210, 210, 's3://bucket/raw/vid_210.mp4', 'https://test-streams.mux.dev/x36xhzz/x36xhzz.m3u8', 3600, 'DONE'),
(211, 211, 's3://bucket/raw/vid_211.mp4', 'https://test-streams.mux.dev/x36xhzz/x36xhzz.m3u8', 3600, 'DONE'),
(212, 212, 's3://bucket/raw/vid_212.mp4', 'https://test-streams.mux.dev/x36xhzz/x36xhzz.m3u8', 3600, 'DONE'),
(213, 213, 's3://bucket/raw/vid_213.mp4', 'https://test-streams.mux.dev/x36xhzz/x36xhzz.m3u8', 3600, 'DONE'),
(214, 214, 's3://bucket/raw/vid_214.mp4', 'https://test-streams.mux.dev/x36xhzz/x36xhzz.m3u8', 3600, 'DONE'),
(215, 215, 's3://bucket/raw/vid_215.mp4', 'https://test-streams.mux.dev/x36xhzz/x36xhzz.m3u8', 3600, 'DONE'),
(216, 216, 's3://bucket/raw/vid_216.mp4', 'https://test-streams.mux.dev/x36xhzz/x36xhzz.m3u8', 3600, 'DONE'),
(217, 217, 's3://bucket/raw/vid_217.mp4', 'https://test-streams.mux.dev/x36xhzz/x36xhzz.m3u8', 3600, 'DONE'),
(218, 218, 's3://bucket/raw/vid_218.mp4', 'https://test-streams.mux.dev/x36xhzz/x36xhzz.m3u8', 3600, 'DONE'),
(219, 219, 's3://bucket/raw/vid_219.mp4', 'https://test-streams.mux.dev/x36xhzz/x36xhzz.m3u8', 3600, 'DONE'),
(220, 220, 's3://bucket/raw/vid_220.mp4', 'https://test-streams.mux.dev/x36xhzz/x36xhzz.m3u8', 3600, 'DONE'),
(221, 221, 's3://bucket/raw/vid_221.mp4', 'https://test-streams.mux.dev/x36xhzz/x36xhzz.m3u8', 3600, 'DONE'),
(222, 222, 's3://bucket/raw/vid_222.mp4', 'https://test-streams.mux.dev/x36xhzz/x36xhzz.m3u8', 3600, 'DONE'),
(223, 223, 's3://bucket/raw/vid_223.mp4', 'https://test-streams.mux.dev/x36xhzz/x36xhzz.m3u8', 3600, 'DONE'),
(224, 224, 's3://bucket/raw/vid_224.mp4', 'https://test-streams.mux.dev/x36xhzz/x36xhzz.m3u8', 3600, 'DONE'),
(225, 225, 's3://bucket/raw/vid_225.mp4', 'https://test-streams.mux.dev/x36xhzz/x36xhzz.m3u8', 3600, 'DONE'),
(226, 226, 's3://bucket/raw/vid_226.mp4', 'https://test-streams.mux.dev/x36xhzz/x36xhzz.m3u8', 3600, 'DONE'),
(227, 227, 's3://bucket/raw/vid_227.mp4', 'https://test-streams.mux.dev/x36xhzz/x36xhzz.m3u8', 3600, 'DONE'),
(228, 228, 's3://bucket/raw/vid_228.mp4', 'https://test-streams.mux.dev/x36xhzz/x36xhzz.m3u8', 3600, 'DONE'),
(229, 229, 's3://bucket/raw/vid_229.mp4', 'https://test-streams.mux.dev/x36xhzz/x36xhzz.m3u8', 3600, 'DONE'),
(230, 230, 's3://bucket/raw/vid_230.mp4', 'https://test-streams.mux.dev/x36xhzz/x36xhzz.m3u8', 3600, 'DONE'),
(231, 231, 's3://bucket/raw/vid_231.mp4', 'https://test-streams.mux.dev/x36xhzz/x36xhzz.m3u8', 3600, 'DONE'),
(232, 232, 's3://bucket/raw/vid_232.mp4', 'https://test-streams.mux.dev/x36xhzz/x36xhzz.m3u8', 3600, 'DONE'),
(233, 233, 's3://bucket/raw/vid_233.mp4', 'https://test-streams.mux.dev/x36xhzz/x36xhzz.m3u8', 3600, 'DONE'),
(234, 234, 's3://bucket/raw/vid_234.mp4', 'https://test-streams.mux.dev/x36xhzz/x36xhzz.m3u8', 3600, 'DONE'),
(235, 235, 's3://bucket/raw/vid_235.mp4', 'https://test-streams.mux.dev/x36xhzz/x36xhzz.m3u8', 3600, 'DONE'),
(236, 236, 's3://bucket/raw/vid_236.mp4', 'https://test-streams.mux.dev/x36xhzz/x36xhzz.m3u8', 3600, 'DONE'),
(237, 237, 's3://bucket/raw/vid_237.mp4', 'https://test-streams.mux.dev/x36xhzz/x36xhzz.m3u8', 3600, 'DONE'),
(238, 238, 's3://bucket/raw/vid_238.mp4', 'https://test-streams.mux.dev/x36xhzz/x36xhzz.m3u8', 3600, 'DONE'),
(239, 239, 's3://bucket/raw/vid_239.mp4', 'https://test-streams.mux.dev/x36xhzz/x36xhzz.m3u8', 3600, 'DONE'),
(240, 240, 's3://bucket/raw/vid_240.mp4', 'https://test-streams.mux.dev/x36xhzz/x36xhzz.m3u8', 3600, 'DONE'),
(241, 241, 's3://bucket/raw/vid_241.mp4', 'https://test-streams.mux.dev/x36xhzz/x36xhzz.m3u8', 3600, 'DONE'),
(242, 242, 's3://bucket/raw/vid_242.mp4', 'https://test-streams.mux.dev/x36xhzz/x36xhzz.m3u8', 3600, 'DONE'),
(243, 243, 's3://bucket/raw/vid_243.mp4', 'https://test-streams.mux.dev/x36xhzz/x36xhzz.m3u8', 3600, 'DONE'),
(244, 244, 's3://bucket/raw/vid_244.mp4', 'https://test-streams.mux.dev/x36xhzz/x36xhzz.m3u8', 3600, 'DONE'),
(245, 245, 's3://bucket/raw/vid_245.mp4', 'https://test-streams.mux.dev/x36xhzz/x36xhzz.m3u8', 3600, 'DONE'),
(246, 246, 's3://bucket/raw/vid_246.mp4', 'https://test-streams.mux.dev/x36xhzz/x36xhzz.m3u8', 3600, 'DONE'),
(247, 247, 's3://bucket/raw/vid_247.mp4', 'https://test-streams.mux.dev/x36xhzz/x36xhzz.m3u8', 3600, 'DONE'),
(248, 248, 's3://bucket/raw/vid_248.mp4', 'https://test-streams.mux.dev/x36xhzz/x36xhzz.m3u8', 3600, 'DONE'),
(249, 249, 's3://bucket/raw/vid_249.mp4', 'https://test-streams.mux.dev/x36xhzz/x36xhzz.m3u8', 3600, 'DONE'),
(250, 250, 's3://bucket/raw/vid_250.mp4', 'https://test-streams.mux.dev/x36xhzz/x36xhzz.m3u8', 3600, 'DONE'),
(251, 251, 's3://bucket/raw/vid_251.mp4', 'https://test-streams.mux.dev/x36xhzz/x36xhzz.m3u8', 3600, 'DONE'),
(252, 252, 's3://bucket/raw/vid_252.mp4', 'https://test-streams.mux.dev/x36xhzz/x36xhzz.m3u8', 3600, 'DONE'),
(253, 253, 's3://bucket/raw/vid_253.mp4', 'https://test-streams.mux.dev/x36xhzz/x36xhzz.m3u8', 3600, 'DONE'),
(254, 254, 's3://bucket/raw/vid_254.mp4', 'https://test-streams.mux.dev/x36xhzz/x36xhzz.m3u8', 3600, 'DONE'),
(255, 255, 's3://bucket/raw/vid_255.mp4', 'https://test-streams.mux.dev/x36xhzz/x36xhzz.m3u8', 3600, 'DONE'),
(256, 256, 's3://bucket/raw/vid_256.mp4', 'https://test-streams.mux.dev/x36xhzz/x36xhzz.m3u8', 3600, 'DONE'),
(257, 257, 's3://bucket/raw/vid_257.mp4', 'https://test-streams.mux.dev/x36xhzz/x36xhzz.m3u8', 3600, 'DONE'),
(258, 258, 's3://bucket/raw/vid_258.mp4', 'https://test-streams.mux.dev/x36xhzz/x36xhzz.m3u8', 3600, 'DONE'),
(259, 259, 's3://bucket/raw/vid_259.mp4', 'https://test-streams.mux.dev/x36xhzz/x36xhzz.m3u8', 3600, 'DONE'),
(260, 260, 's3://bucket/raw/vid_260.mp4', 'https://test-streams.mux.dev/x36xhzz/x36xhzz.m3u8', 3600, 'DONE'),
(261, 261, 's3://bucket/raw/vid_261.mp4', 'https://test-streams.mux.dev/x36xhzz/x36xhzz.m3u8', 3600, 'DONE'),
(262, 262, 's3://bucket/raw/vid_262.mp4', 'https://test-streams.mux.dev/x36xhzz/x36xhzz.m3u8', 3600, 'DONE'),
(263, 263, 's3://bucket/raw/vid_263.mp4', 'https://test-streams.mux.dev/x36xhzz/x36xhzz.m3u8', 3600, 'DONE'),
(264, 264, 's3://bucket/raw/vid_264.mp4', 'https://test-streams.mux.dev/x36xhzz/x36xhzz.m3u8', 3600, 'DONE'),
(265, 265, 's3://bucket/raw/vid_265.mp4', 'https://test-streams.mux.dev/x36xhzz/x36xhzz.m3u8', 3600, 'DONE'),
(266, 266, 's3://bucket/raw/vid_266.mp4', 'https://test-streams.mux.dev/x36xhzz/x36xhzz.m3u8', 3600, 'DONE'),
(267, 267, 's3://bucket/raw/vid_267.mp4', 'https://test-streams.mux.dev/x36xhzz/x36xhzz.m3u8', 3600, 'DONE'),
(268, 268, 's3://bucket/raw/vid_268.mp4', 'https://test-streams.mux.dev/x36xhzz/x36xhzz.m3u8', 3600, 'DONE'),
(269, 269, 's3://bucket/raw/vid_269.mp4', 'https://test-streams.mux.dev/x36xhzz/x36xhzz.m3u8', 3600, 'DONE'),
(270, 270, 's3://bucket/raw/vid_270.mp4', 'https://test-streams.mux.dev/x36xhzz/x36xhzz.m3u8', 3600, 'DONE'),
(271, 271, 's3://bucket/raw/vid_271.mp4', 'https://test-streams.mux.dev/x36xhzz/x36xhzz.m3u8', 3600, 'DONE'),
(272, 272, 's3://bucket/raw/vid_272.mp4', 'https://test-streams.mux.dev/x36xhzz/x36xhzz.m3u8', 3600, 'DONE'),
(273, 273, 's3://bucket/raw/vid_273.mp4', 'https://test-streams.mux.dev/x36xhzz/x36xhzz.m3u8', 3600, 'DONE'),
(274, 274, 's3://bucket/raw/vid_274.mp4', 'https://test-streams.mux.dev/x36xhzz/x36xhzz.m3u8', 3600, 'DONE'),
(275, 275, 's3://bucket/raw/vid_275.mp4', 'https://test-streams.mux.dev/x36xhzz/x36xhzz.m3u8', 3600, 'DONE'),
(276, 276, 's3://bucket/raw/vid_276.mp4', 'https://test-streams.mux.dev/x36xhzz/x36xhzz.m3u8', 3600, 'DONE'),
(277, 277, 's3://bucket/raw/vid_277.mp4', 'https://test-streams.mux.dev/x36xhzz/x36xhzz.m3u8', 3600, 'DONE'),
(278, 278, 's3://bucket/raw/vid_278.mp4', 'https://test-streams.mux.dev/x36xhzz/x36xhzz.m3u8', 3600, 'DONE'),
(279, 279, 's3://bucket/raw/vid_279.mp4', 'https://test-streams.mux.dev/x36xhzz/x36xhzz.m3u8', 3600, 'DONE'),
(280, 280, 's3://bucket/raw/vid_280.mp4', 'https://test-streams.mux.dev/x36xhzz/x36xhzz.m3u8', 3600, 'DONE');

-- [9] bookmarks (300개 데이터 - 중복 제거 완료)
INSERT INTO bookmarks (bookmark_id, user_id, content_id, created_at) VALUES
(1,8,71,'2026-02-01 10:05:00'),(2,10,31,'2026-02-01 10:10:00'),(3,10,24,'2026-02-01 10:15:00'),(4,10,95,'2026-02-01 10:20:00'),(5,4,22,'2026-02-01 10:25:00'),(6,2,36,'2026-02-01 10:30:00'),(7,8,64,'2026-02-01 10:35:00'),(8,10,48,'2026-02-01 10:40:00'),(9,8,13,'2026-02-01 10:45:00'),(10,5,76,'2026-02-01 10:50:00'),
(11,2,54,'2026-02-01 10:55:00'),(12,8,22,'2026-02-01 11:00:00'),(13,8,91,'2026-02-01 11:05:00'),(14,6,65,'2026-02-01 11:10:00'),(15,2,40,'2026-02-01 11:15:00'),(16,2,38,'2026-02-01 11:20:00'),(17,8,55,'2026-02-01 11:25:00'),(18,2,7,'2026-02-01 11:30:00'),(19,4,30,'2026-02-01 11:35:00'),(20,5,37,'2026-02-01 11:40:00'),
(21,1,34,'2026-02-01 11:45:00'),(22,9,66,'2026-02-01 11:50:00'),(23,4,93,'2026-02-01 11:55:00'),(24,7,78,'2026-02-01 12:00:00'),(25,1,16,'2026-02-01 12:05:00'),(26,4,47,'2026-02-01 12:10:00'),(27,6,66,'2026-02-01 12:15:00'),(28,2,80,'2026-02-01 12:20:00'),(29,3,76,'2026-02-01 12:25:00'),(30,10,3,'2026-02-01 12:30:00'),
(31,5,4,'2026-02-01 12:35:00'),(32,5,35,'2026-02-01 12:40:00'),(33,5,61,'2026-02-01 12:45:00'),(34,1,41,'2026-02-01 12:50:00'),(35,8,4,'2026-02-01 12:55:00'),(36,2,63,'2026-02-01 13:00:00'),(37,3,44,'2026-02-01 13:05:00'),(38,1,50,'2026-02-01 13:10:00'),(39,2,55,'2026-02-01 13:15:00'),(40,4,88,'2026-02-01 13:20:00'),
(41,2,71,'2026-02-01 13:25:00'),(42,3,63,'2026-02-01 13:30:00'),(43,2,22,'2026-02-01 13:35:00'),(44,10,75,'2026-02-01 13:40:00'),(45,3,91,'2026-02-01 13:45:00'),(46,6,27,'2026-02-01 13:50:00'),(47,10,9,'2026-02-01 13:55:00'),(48,6,77,'2026-02-01 14:00:00'),(49,6,54,'2026-02-01 14:05:00'),(50,2,83,'2026-02-01 14:10:00'),
(51,8,7,'2026-02-01 14:15:00'),(52,8,2,'2026-02-01 14:20:00'),(53,10,65,'2026-02-01 14:25:00'),(54,5,44,'2026-02-01 14:30:00'),(55,2,47,'2026-02-01 14:35:00'),(56,3,100,'2026-02-01 14:40:00'),(57,1,72,'2026-02-01 14:45:00'),(58,1,77,'2026-02-01 14:50:00'),(59,6,68,'2026-02-01 14:55:00'),(60,6,82,'2026-02-01 15:00:00'),
(61,7,86,'2026-02-01 15:05:00'),(62,1,13,'2026-02-01 15:10:00'),(63,9,81,'2026-02-01 15:15:00'),(64,5,2,'2026-02-01 15:20:00'),(65,10,40,'2026-02-01 15:25:00'),(66,2,30,'2026-02-01 15:30:00'),(67,4,66,'2026-02-01 15:35:00'),(68,9,39,'2026-02-01 15:40:00'),(69,2,84,'2026-02-01 15:45:00'),(70,9,3,'2026-02-01 15:50:00'),
(71,8,42,'2026-02-01 15:55:00'),(72,3,7,'2026-02-01 16:00:00'),(73,9,8,'2026-02-01 16:05:00'),(74,3,18,'2026-02-01 16:10:00'),(75,8,43,'2026-02-01 16:15:00'),(76,7,94,'2026-02-01 16:20:00'),(77,2,31,'2026-02-01 16:25:00'),(78,4,9,'2026-02-01 16:30:00'),(79,7,21,'2026-02-01 16:35:00'),(80,10,92,'2026-02-01 16:40:00'),
(81,6,3,'2026-02-01 16:45:00'),(82,5,3,'2026-02-01 16:50:00'),(83,10,8,'2026-02-01 16:55:00'),(84,3,86,'2026-02-01 17:00:00'),(85,3,48,'2026-02-01 17:05:00'),(86,10,49,'2026-02-01 17:10:00'),(87,6,1,'2026-02-01 17:15:00'),(88,6,74,'2026-02-01 17:20:00'),(89,7,69,'2026-02-01 17:25:00'),(90,4,84,'2026-02-01 17:30:00'),
(91,9,40,'2026-02-01 17:35:00'),(92,10,37,'2026-02-01 17:40:00'),(93,7,30,'2026-02-01 17:45:00'),(94,6,76,'2026-02-01 17:50:00'),(95,6,90,'2026-02-01 17:55:00'),(96,5,38,'2026-02-01 18:00:00'),(97,4,74,'2026-02-01 18:05:00'),(98,8,6,'2026-02-01 18:10:00'),(99,6,38,'2026-02-01 18:15:00'),(100,5,19,'2026-02-01 18:20:00'),
(101,3,99,'2026-02-01 18:25:00'),(102,7,84,'2026-02-01 18:30:00'),(103,1,92,'2026-02-01 18:35:00'),(104,8,88,'2026-02-01 18:40:00'),(105,7,44,'2026-02-01 18:45:00'),(106,7,99,'2026-02-01 18:50:00'),(107,3,89,'2026-02-01 18:55:00'),(108,1,43,'2026-02-01 19:00:00'),(109,2,99,'2026-02-01 19:05:00'),(110,6,86,'2026-02-01 19:10:00'),
(111,2,5,'2026-02-01 19:15:00'),(112,6,12,'2026-02-01 19:20:00'),(113,10,38,'2026-02-01 19:25:00'),(114,8,30,'2026-02-01 19:30:00'),(115,2,42,'2026-02-01 19:35:00'),(116,9,36,'2026-02-01 19:40:00'),(117,10,79,'2026-02-01 19:45:00'),(118,10,90,'2026-02-01 19:50:00'),(119,7,58,'2026-02-01 19:55:00'),(120,4,89,'2026-02-01 20:00:00'),
(121,9,47,'2026-02-01 20:05:00'),(122,2,41,'2026-02-01 20:10:00'),(123,4,82,'2026-02-01 20:15:00'),(124,3,27,'2026-02-01 20:20:00'),(125,5,42,'2026-02-01 20:25:00'),(126,8,51,'2026-02-01 20:30:00'),(127,1,70,'2026-02-01 20:35:00'),(128,10,74,'2026-02-01 20:40:00'),(129,9,73,'2026-02-01 20:45:00'),(130,4,6,'2026-02-01 20:50:00'),
(131,3,10,'2026-02-01 20:55:00'),(132,6,35,'2026-02-01 21:00:00'),(133,1,8,'2026-02-01 21:05:00'),(134,8,83,'2026-02-01 21:10:00'),(135,10,85,'2026-02-01 21:15:00'),(136,3,15,'2026-02-01 21:20:00'),(137,8,62,'2026-02-01 21:25:00'),(138,4,58,'2026-02-01 21:30:00'),(139,3,71,'2026-02-01 21:35:00'),(140,5,15,'2026-02-01 21:40:00'),
(141,6,36,'2026-02-01 21:45:00'),(142,5,70,'2026-02-01 21:50:00'),(143,10,70,'2026-02-01 21:55:00'),(144,3,81,'2026-02-01 22:00:00'),(145,2,27,'2026-02-01 22:05:00'),(146,8,52,'2026-02-01 22:10:00'),(147,7,9,'2026-02-01 22:15:00'),(148,8,67,'2026-02-01 22:20:00'),(149,10,54,'2026-02-01 22:25:00'),(150,7,45,'2026-02-01 22:30:00'),
(151,8,78,'2026-02-01 22:35:00'),(152,7,12,'2026-02-01 22:40:00'),(153,9,84,'2026-02-01 22:45:00'),(154,6,11,'2026-02-01 22:50:00'),(155,7,77,'2026-02-01 22:55:00'),(156,2,77,'2026-02-01 23:00:00'),(157,6,73,'2026-02-01 23:05:00'),(158,1,3,'2026-02-01 23:10:00'),(159,3,73,'2026-02-01 23:15:00'),(160,5,24,'2026-02-01 23:20:00'),
(161,8,12,'2026-02-01 23:25:00'),(162,10,1,'2026-02-01 23:30:00'),(163,8,94,'2026-02-01 23:35:00'),(164,10,13,'2026-02-01 23:40:00'),(165,1,90,'2026-02-01 23:45:00'),(166,6,15,'2026-02-01 23:50:00'),(167,4,90,'2026-02-01 23:55:00'),(168,2,69,'2026-02-02 00:00:00'),(169,4,3,'2026-02-02 00:05:00'),(170,2,2,'2026-02-02 00:10:00'),
(171,1,32,'2026-02-02 00:15:00'),(172,3,40,'2026-02-02 00:20:00'),(173,10,47,'2026-02-02 00:25:00'),(174,3,38,'2026-02-02 00:30:00'),(175,10,4,'2026-02-02 00:35:00'),(176,9,21,'2026-02-02 00:40:00'),(177,10,77,'2026-02-02 00:45:00'),(178,2,4,'2026-02-02 00:50:00'),(179,8,34,'2026-02-02 00:55:00'),(180,6,83,'2026-02-02 01:00:00'),
(181,9,43,'2026-02-02 01:05:00'),(182,10,32,'2026-02-02 01:10:00'),(183,1,99,'2026-02-02 01:15:00'),(184,8,80,'2026-02-02 01:20:00'),(185,5,43,'2026-02-02 01:25:00'),(186,10,88,'2026-02-02 01:30:00'),(187,4,97,'2026-02-02 01:35:00'),(188,4,33,'2026-02-02 01:40:00'),(189,4,35,'2026-02-02 01:45:00'),(190,1,10,'2026-02-02 01:50:00'),
(191,8,26,'2026-02-02 01:55:00'),(192,2,11,'2026-02-02 02:00:00'),(193,4,8,'2026-02-02 02:05:00'),(194,5,64,'2026-02-02 02:10:00'),(195,1,55,'2026-02-02 02:15:00'),(196,4,81,'2026-02-02 02:20:00'),(197,3,23,'2026-02-02 02:25:00'),(198,10,23,'2026-02-02 02:30:00'),(199,4,31,'2026-02-02 02:35:00'),(200,6,81,'2026-02-02 02:40:00'),
(201,3,92,'2026-02-02 02:45:00'),(202,3,61,'2026-02-02 02:50:00'),(203,7,34,'2026-02-02 02:55:00'),(204,4,69,'2026-02-02 03:00:00'),(205,2,43,'2026-02-02 03:05:00'),(206,10,33,'2026-02-02 03:10:00'),(207,6,13,'2026-02-02 03:15:00'),(208,6,7,'2026-02-02 03:20:00'),(209,7,5,'2026-02-02 03:25:00'),(210,10,87,'2026-02-02 03:30:00'),
(211,8,74,'2026-02-02 03:35:00'),(212,8,9,'2026-02-02 03:40:00'),(213,2,6,'2026-02-02 03:45:00'),(214,1,85,'2026-02-02 03:50:00'),(215,6,92,'2026-02-02 03:55:00'),(216,4,19,'2026-02-02 04:00:00'),(217,3,25,'2026-02-02 04:05:00'),(218,6,28,'2026-02-02 04:10:00'),(219,6,64,'2026-02-02 04:15:00'),(220,1,37,'2026-02-02 04:20:00'),
(221,10,44,'2026-02-02 04:25:00'),(222,6,100,'2026-02-02 04:30:00'),(223,6,60,'2026-02-02 04:35:00'),(224,1,40,'2026-02-02 04:40:00'),(225,5,83,'2026-02-02 04:45:00'),(226,3,13,'2026-02-02 04:50:00'),(227,6,79,'2026-02-02 04:55:00'),(228,8,69,'2026-02-02 05:00:00'),(229,1,4,'2026-02-02 05:05:00'),(230,2,21,'2026-02-02 05:10:00'),
(231,1,38,'2026-02-02 05:15:00'),(232,8,28,'2026-02-02 05:20:00'),(233,4,80,'2026-02-02 05:25:00'),(234,4,72,'2026-02-02 05:30:00'),(235,9,88,'2026-02-02 05:35:00'),(236,10,34,'2026-02-02 05:40:00'),(237,3,9,'2026-02-02 05:45:00'),(238,6,71,'2026-02-02 05:50:00'),(239,7,62,'2026-02-02 05:55:00'),(240,6,16,'2026-02-02 06:00:00'),
(241,10,94,'2026-02-02 06:05:00'),(242,5,7,'2026-02-02 06:10:00'),(243,3,14,'2026-02-02 06:15:00'),(244,1,88,'2026-02-02 06:20:00'),(245,6,33,'2026-02-02 06:25:00'),(246,1,5,'2026-02-02 06:30:00'),(247,1,14,'2026-02-02 06:35:00'),(248,3,8,'2026-02-02 06:40:00'),(249,10,30,'2026-02-02 06:45:00'),(250,5,34,'2026-02-02 06:50:00'),
(251,2,58,'2026-02-02 06:55:00'),(252,7,1,'2026-02-02 07:00:00'),(253,3,5,'2026-02-02 07:05:00'),(254,4,64,'2026-02-02 07:10:00'),(255,10,5,'2026-02-02 07:15:00'),(256,6,10,'2026-02-02 07:20:00'),(257,3,56,'2026-02-02 07:25:00'),(258,4,43,'2026-02-02 07:30:00'),(259,5,10,'2026-02-02 07:35:00'),(260,3,97,'2026-02-02 07:40:00'),
(261,9,41,'2026-02-02 07:45:00'),(262,4,48,'2026-02-02 07:50:00'),(263,3,1,'2026-02-02 07:55:00'),(264,8,81,'2026-02-02 08:00:00'),(265,5,8,'2026-02-02 08:05:00'),(266,4,2,'2026-02-02 08:10:00'),(267,8,68,'2026-02-02 08:15:00'),(268,7,74,'2026-02-02 08:20:00'),(269,7,39,'2026-02-02 08:25:00'),(270,1,18,'2026-02-02 08:30:00'),
(271,2,53,'2026-02-02 08:35:00'),(272,3,69,'2026-02-02 08:40:00'),(273,2,64,'2026-02-02 08:45:00'),(274,7,33,'2026-02-02 08:50:00'),(275,5,25,'2026-02-02 08:55:00'),(276,4,94,'2026-02-02 09:00:00'),(277,10,7,'2026-02-02 09:05:00'),(278,9,38,'2026-02-02 09:10:00'),(279,1,47,'2026-02-02 09:15:00'),(280,10,50,'2026-02-02 09:20:00'),
(281,4,15,'2026-02-02 09:25:00'),(282,10,55,'2026-02-02 09:30:00'),(283,2,62,'2026-02-02 09:35:00'),(284,8,82,'2026-02-02 09:40:00'),(285,1,15,'2026-02-02 09:45:00'),(286,7,90,'2026-02-02 09:50:00'),(287,1,64,'2026-02-02 09:55:00'),(288,5,1,'2026-02-02 10:00:00'),(289,8,21,'2026-02-02 10:05:00'),(290,1,12,'2026-02-02 10:10:00'),
(291,1,28,'2026-02-02 10:15:00'),(292,3,75,'2026-02-02 10:20:00'),(293,7,6,'2026-02-02 10:25:00'),(294,2,24,'2026-02-02 10:30:00'),(295,3,90,'2026-02-02 10:35:00'),(296,8,57,'2026-02-02 10:40:00'),(297,1,74,'2026-02-02 10:45:00'),(298,6,32,'2026-02-02 10:50:00'),(299,6,43,'2026-02-02 10:55:00'),(300,5,77,'2026-02-02 11:00:00');
-- [10] comments
INSERT INTO comments (comment_id, video_id, user_id, body, status, created_at, updated_at) VALUES
(1, 123, 10, '명작이네요 추천합니다!', 'ACTIVE', '2026-02-05 10:00:00', '2026-02-05 10:00:00'),
(2, 197, 4, '명작이네요 추천합니다!', 'ACTIVE', '2026-02-05 10:00:00', '2026-02-05 10:00:00'),
(3, 211, 1, '명작이네요 추천합니다!', 'ACTIVE', '2026-02-05 10:00:00', '2026-02-05 10:00:00'),
(4, 163, 8, '명작이네요 추천합니다!', 'ACTIVE', '2026-02-05 10:00:00', '2026-02-05 10:00:00'),
(5, 196, 7, '명작이네요 추천합니다!', 'ACTIVE', '2026-02-05 10:00:00', '2026-02-05 10:00:00'),
(6, 78, 8, '명작이네요 추천합니다!', 'ACTIVE', '2026-02-05 10:00:00', '2026-02-05 10:00:00'),
(7, 19, 3, '명작이네요 추천합니다!', 'ACTIVE', '2026-02-05 10:00:00', '2026-02-05 10:00:00'),
(8, 258, 10, '명작이네요 추천합니다!', 'ACTIVE', '2026-02-05 10:00:00', '2026-02-05 10:00:00'),
(9, 170, 2, '명작이네요 추천합니다!', 'ACTIVE', '2026-02-05 10:00:00', '2026-02-05 10:00:00'),
(10, 226, 2, '명작이네요 추천합니다!', 'ACTIVE', '2026-02-05 10:00:00', '2026-02-05 10:00:00'),
(11, 270, 8, '명작이네요 추천합니다!', 'ACTIVE', '2026-02-05 10:00:00', '2026-02-05 10:00:00'),
(12, 8, 3, '명작이네요 추천합니다!', 'ACTIVE', '2026-02-05 10:00:00', '2026-02-05 10:00:00'),
(13, 210, 3, '명작이네요 추천합니다!', 'ACTIVE', '2026-02-05 10:00:00', '2026-02-05 10:00:00'),
(14, 39, 8, '명작이네요 추천합니다!', 'ACTIVE', '2026-02-05 10:00:00', '2026-02-05 10:00:00'),
(15, 136, 6, '명작이네요 추천합니다!', 'ACTIVE', '2026-02-05 10:00:00', '2026-02-05 10:00:00'),
(16, 204, 2, '명작이네요 추천합니다!', 'ACTIVE', '2026-02-05 10:00:00', '2026-02-05 10:00:00'),
(17, 169, 9, '명작이네요 추천합니다!', 'ACTIVE', '2026-02-05 10:00:00', '2026-02-05 10:00:00'),
(18, 195, 6, '명작이네요 추천합니다!', 'ACTIVE', '2026-02-05 10:00:00', '2026-02-05 10:00:00'),
(19, 250, 9, '명작이네요 추천합니다!', 'ACTIVE', '2026-02-05 10:00:00', '2026-02-05 10:00:00'),
(20, 19, 10, '명작이네요 추천합니다!', 'ACTIVE', '2026-02-05 10:00:00', '2026-02-05 10:00:00'),
(21, 36, 4, '명작이네요 추천합니다!', 'ACTIVE', '2026-02-05 10:00:00', '2026-02-05 10:00:00'),
(22, 148, 4, '명작이네요 추천합니다!', 'ACTIVE', '2026-02-05 10:00:00', '2026-02-05 10:00:00'),
(23, 47, 7, '명작이네요 추천합니다!', 'ACTIVE', '2026-02-05 10:00:00', '2026-02-05 10:00:00'),
(24, 51, 2, '명작이네요 추천합니다!', 'ACTIVE', '2026-02-05 10:00:00', '2026-02-05 10:00:00'),
(25, 228, 3, '명작이네요 추천합니다!', 'ACTIVE', '2026-02-05 10:00:00', '2026-02-05 10:00:00'),
(26, 154, 1, '명작이네요 추천합니다!', 'ACTIVE', '2026-02-05 10:00:00', '2026-02-05 10:00:00'),
(27, 24, 6, '명작이네요 추천합니다!', 'ACTIVE', '2026-02-05 10:00:00', '2026-02-05 10:00:00'),
(28, 29, 5, '명작이네요 추천합니다!', 'ACTIVE', '2026-02-05 10:00:00', '2026-02-05 10:00:00'),
(29, 184, 6, '명작이네요 추천합니다!', 'ACTIVE', '2026-02-05 10:00:00', '2026-02-05 10:00:00'),
(30, 221, 3, '명작이네요 추천합니다!', 'ACTIVE', '2026-02-05 10:00:00', '2026-02-05 10:00:00'),
(31, 126, 9, '명작이네요 추천합니다!', 'ACTIVE', '2026-02-05 10:00:00', '2026-02-05 10:00:00'),
(32, 211, 10, '명작이네요 추천합니다!', 'ACTIVE', '2026-02-05 10:00:00', '2026-02-05 10:00:00'),
(33, 93, 3, '명작이네요 추천합니다!', 'ACTIVE', '2026-02-05 10:00:00', '2026-02-05 10:00:00'),
(34, 90, 2, '명작이네요 추천합니다!', 'ACTIVE', '2026-02-05 10:00:00', '2026-02-05 10:00:00'),
(35, 196, 10, '명작이네요 추천합니다!', 'ACTIVE', '2026-02-05 10:00:00', '2026-02-05 10:00:00'),
(36, 124, 8, '명작이네요 추천합니다!', 'ACTIVE', '2026-02-05 10:00:00', '2026-02-05 10:00:00'),
(37, 74, 4, '명작이네요 추천합니다!', 'ACTIVE', '2026-02-05 10:00:00', '2026-02-05 10:00:00'),
(38, 237, 5, '명작이네요 추천합니다!', 'ACTIVE', '2026-02-05 10:00:00', '2026-02-05 10:00:00'),
(39, 236, 5, '명작이네요 추천합니다!', 'ACTIVE', '2026-02-05 10:00:00', '2026-02-05 10:00:00'),
(40, 5, 8, '명작이네요 추천합니다!', 'ACTIVE', '2026-02-05 10:00:00', '2026-02-05 10:00:00'),
(41, 148, 9, '명작이네요 추천합니다!', 'ACTIVE', '2026-02-05 10:00:00', '2026-02-05 10:00:00'),
(42, 81, 2, '명작이네요 추천합니다!', 'ACTIVE', '2026-02-05 10:00:00', '2026-02-05 10:00:00'),
(43, 227, 6, '명작이네요 추천합니다!', 'ACTIVE', '2026-02-05 10:00:00', '2026-02-05 10:00:00'),
(44, 154, 7, '명작이네요 추천합니다!', 'ACTIVE', '2026-02-05 10:00:00', '2026-02-05 10:00:00'),
(45, 129, 8, '명작이네요 추천합니다!', 'ACTIVE', '2026-02-05 10:00:00', '2026-02-05 10:00:00'),
(46, 155, 4, '명작이네요 추천합니다!', 'ACTIVE', '2026-02-05 10:00:00', '2026-02-05 10:00:00'),
(47, 197, 8, '명작이네요 추천합니다!', 'ACTIVE', '2026-02-05 10:00:00', '2026-02-05 10:00:00'),
(48, 55, 4, '명작이네요 추천합니다!', 'ACTIVE', '2026-02-05 10:00:00', '2026-02-05 10:00:00'),
(49, 196, 10, '명작이네요 추천합니다!', 'ACTIVE', '2026-02-05 10:00:00', '2026-02-05 10:00:00'),
(50, 184, 10, '명작이네요 추천합니다!', 'ACTIVE', '2026-02-05 10:00:00', '2026-02-05 10:00:00'),
(51, 152, 5, '명작이네요 추천합니다!', 'ACTIVE', '2026-02-05 10:00:00', '2026-02-05 10:00:00'),
(52, 12, 7, '명작이네요 추천합니다!', 'ACTIVE', '2026-02-05 10:00:00', '2026-02-05 10:00:00'),
(53, 141, 1, '명작이네요 추천합니다!', 'ACTIVE', '2026-02-05 10:00:00', '2026-02-05 10:00:00'),
(54, 26, 10, '명작이네요 추천합니다!', 'ACTIVE', '2026-02-05 10:00:00', '2026-02-05 10:00:00'),
(55, 255, 5, '명작이네요 추천합니다!', 'ACTIVE', '2026-02-05 10:00:00', '2026-02-05 10:00:00'),
(56, 118, 10, '명작이네요 추천합니다!', 'ACTIVE', '2026-02-05 10:00:00', '2026-02-05 10:00:00'),
(57, 181, 4, '명작이네요 추천합니다!', 'ACTIVE', '2026-02-05 10:00:00', '2026-02-05 10:00:00'),
(58, 98, 10, '명작이네요 추천합니다!', 'ACTIVE', '2026-02-05 10:00:00', '2026-02-05 10:00:00'),
(59, 129, 3, '명작이네요 추천합니다!', 'ACTIVE', '2026-02-05 10:00:00', '2026-02-05 10:00:00'),
(60, 50, 1, '명작이네요 추천합니다!', 'ACTIVE', '2026-02-05 10:00:00', '2026-02-05 10:00:00'),
(61, 159, 8, '명작이네요 추천합니다!', 'ACTIVE', '2026-02-05 10:00:00', '2026-02-05 10:00:00'),
(62, 18, 10, '명작이네요 추천합니다!', 'ACTIVE', '2026-02-05 10:00:00', '2026-02-05 10:00:00'),
(63, 187, 3, '명작이네요 추천합니다!', 'ACTIVE', '2026-02-05 10:00:00', '2026-02-05 10:00:00'),
(64, 47, 5, '명작이네요 추천합니다!', 'ACTIVE', '2026-02-05 10:00:00', '2026-02-05 10:00:00'),
(65, 168, 7, '명작이네요 추천합니다!', 'ACTIVE', '2026-02-05 10:00:00', '2026-02-05 10:00:00'),
(66, 90, 4, '명작이네요 추천합니다!', 'ACTIVE', '2026-02-05 10:00:00', '2026-02-05 10:00:00'),
(67, 68, 9, '명작이네요 추천합니다!', 'ACTIVE', '2026-02-05 10:00:00', '2026-02-05 10:00:00'),
(68, 188, 9, '명작이네요 추천합니다!', 'ACTIVE', '2026-02-05 10:00:00', '2026-02-05 10:00:00'),
(69, 257, 5, '명작이네요 추천합니다!', 'ACTIVE', '2026-02-05 10:00:00', '2026-02-05 10:00:00'),
(70, 85, 5, '명작이네요 추천합니다!', 'ACTIVE', '2026-02-05 10:00:00', '2026-02-05 10:00:00'),
(71, 247, 5, '명작이네요 추천합니다!', 'ACTIVE', '2026-02-05 10:00:00', '2026-02-05 10:00:00'),
(72, 174, 2, '명작이네요 추천합니다!', 'ACTIVE', '2026-02-05 10:00:00', '2026-02-05 10:00:00'),
(73, 240, 2, '명작이네요 추천합니다!', 'ACTIVE', '2026-02-05 10:00:00', '2026-02-05 10:00:00'),
(74, 73, 4, '명작이네요 추천합니다!', 'ACTIVE', '2026-02-05 10:00:00', '2026-02-05 10:00:00'),
(75, 204, 9, '명작이네요 추천합니다!', 'ACTIVE', '2026-02-05 10:00:00', '2026-02-05 10:00:00'),
(76, 188, 2, '명작이네요 추천합니다!', 'ACTIVE', '2026-02-05 10:00:00', '2026-02-05 10:00:00'),
(77, 203, 1, '명작이네요 추천합니다!', 'ACTIVE', '2026-02-05 10:00:00', '2026-02-05 10:00:00'),
(78, 136, 9, '명작이네요 추천합니다!', 'ACTIVE', '2026-02-05 10:00:00', '2026-02-05 10:00:00'),
(79, 64, 8, '명작이네요 추천합니다!', 'ACTIVE', '2026-02-05 10:00:00', '2026-02-05 10:00:00'),
(80, 189, 5, '명작이네요 추천합니다!', 'ACTIVE', '2026-02-05 10:00:00', '2026-02-05 10:00:00'),
(81, 196, 6, '명작이네요 추천합니다!', 'ACTIVE', '2026-02-05 10:00:00', '2026-02-05 10:00:00'),
(82, 56, 4, '명작이네요 추천합니다!', 'ACTIVE', '2026-02-05 10:00:00', '2026-02-05 10:00:00'),
(83, 242, 1, '명작이네요 추천합니다!', 'ACTIVE', '2026-02-05 10:00:00', '2026-02-05 10:00:00'),
(84, 168, 10, '명작이네요 추천합니다!', 'ACTIVE', '2026-02-05 10:00:00', '2026-02-05 10:00:00'),
(85, 114, 2, '명작이네요 추천합니다!', 'ACTIVE', '2026-02-05 10:00:00', '2026-02-05 10:00:00'),
(86, 238, 5, '명작이네요 추천합니다!', 'ACTIVE', '2026-02-05 10:00:00', '2026-02-05 10:00:00'),
(87, 210, 2, '명작이네요 추천합니다!', 'ACTIVE', '2026-02-05 10:00:00', '2026-02-05 10:00:00'),
(88, 72, 1, '명작이네요 추천합니다!', 'ACTIVE', '2026-02-05 10:00:00', '2026-02-05 10:00:00'),
(89, 20, 5, '명작이네요 추천합니다!', 'ACTIVE', '2026-02-05 10:00:00', '2026-02-05 10:00:00'),
(90, 253, 2, '명작이네요 추천합니다!', 'ACTIVE', '2026-02-05 10:00:00', '2026-02-05 10:00:00'),
(91, 50, 4, '명작이네요 추천합니다!', 'ACTIVE', '2026-02-05 10:00:00', '2026-02-05 10:00:00'),
(92, 276, 3, '명작이네요 추천합니다!', 'ACTIVE', '2026-02-05 10:00:00', '2026-02-05 10:00:00'),
(93, 199, 8, '명작이네요 추천합니다!', 'ACTIVE', '2026-02-05 10:00:00', '2026-02-05 10:00:00'),
(94, 190, 9, '명작이네요 추천합니다!', 'ACTIVE', '2026-02-05 10:00:00', '2026-02-05 10:00:00'),
(95, 215, 10, '명작이네요 추천합니다!', 'ACTIVE', '2026-02-05 10:00:00', '2026-02-05 10:00:00'),
(96, 80, 7, '명작이네요 추천합니다!', 'ACTIVE', '2026-02-05 10:00:00', '2026-02-05 10:00:00'),
(97, 51, 8, '명작이네요 추천합니다!', 'ACTIVE', '2026-02-05 10:00:00', '2026-02-05 10:00:00'),
(98, 209, 5, '명작이네요 추천합니다!', 'ACTIVE', '2026-02-05 10:00:00', '2026-02-05 10:00:00'),
(99, 17, 6, '명작이네요 추천합니다!', 'ACTIVE', '2026-02-05 10:00:00', '2026-02-05 10:00:00'),
(100, 112, 8, '명작이네요 추천합니다!', 'ACTIVE', '2026-02-05 10:00:00', '2026-02-05 10:00:00');

-- [11] watch_histories (300개 데이터 - 중복 제거 및 매핑 완료)
INSERT INTO watch_histories (history_id, user_id, content_id, video_id, status, last_position_sec, last_watched_at, completed_at, created_at, updated_at) VALUES
(1,8,71,251,'WATCHING',500,'2026-02-10 10:15:00',NULL,'2026-02-10 09:15:00','2026-02-10 10:15:00'),
(2,10,31,211,'COMPLETED',500,'2026-02-10 10:30:00','2026-02-10 10:35:00','2026-02-10 09:30:00','2026-02-10 10:30:00'),
(3,10,24,204,'WATCHING',5400,'2026-02-10 10:45:00',NULL,'2026-02-10 09:45:00','2026-02-10 10:45:00'),
(4,10,95,275,'COMPLETED',500,'2026-02-10 11:00:00','2026-02-10 11:05:00','2026-02-10 10:00:00','2026-02-10 11:00:00'),
(5,4,22,202,'WATCHING',3600,'2026-02-10 11:15:00',NULL,'2026-02-10 10:15:00','2026-02-10 11:15:00'),
(6,2,36,216,'COMPLETED',120,'2026-02-10 11:30:00','2026-02-10 11:35:00','2026-02-10 10:30:00','2026-02-10 11:30:00'),
(7,8,64,244,'WATCHING',5400,'2026-02-10 11:45:00',NULL,'2026-02-10 10:45:00','2026-02-10 11:45:00'),
(8,10,48,228,'COMPLETED',500,'2026-02-10 12:00:00','2026-02-10 12:05:00','2026-02-10 11:00:00','2026-02-10 12:00:00'),
(9,8,13,121,'WATCHING',1200,'2026-02-10 12:15:00',NULL,'2026-02-10 11:15:00','2026-02-10 12:15:00'),
(10,5,76,256,'COMPLETED',3600,'2026-02-10 12:30:00','2026-02-10 12:35:00','2026-02-10 11:30:00','2026-02-10 12:30:00'),
(11,2,54,234,'WATCHING',120,'2026-02-10 12:45:00',NULL,'2026-02-10 11:45:00','2026-02-10 12:45:00'),
(12,8,22,202,'COMPLETED',120,'2026-02-10 13:00:00','2026-02-10 13:05:00','2026-02-10 12:00:00','2026-02-10 13:00:00'),
(13,8,91,271,'WATCHING',1200,'2026-02-10 13:15:00',NULL,'2026-02-10 12:15:00','2026-02-10 13:15:00'),
(14,6,65,245,'COMPLETED',1200,'2026-02-10 13:30:00','2026-02-10 13:35:00','2026-02-10 12:30:00','2026-02-10 13:30:00'),
(15,2,40,220,'WATCHING',1200,'2026-02-10 13:45:00',NULL,'2026-02-10 12:45:00','2026-02-10 13:45:00'),
(16,2,38,218,'COMPLETED',120,'2026-02-10 14:00:00','2026-02-10 14:05:00','2026-02-10 13:00:00','2026-02-10 14:00:00'),
(17,8,55,235,'WATCHING',500,'2026-02-10 14:15:00',NULL,'2026-02-10 13:15:00','2026-02-10 14:15:00'),
(18,2,7,62,'COMPLETED',120,'2026-02-10 14:30:00','2026-02-10 14:35:00','2026-02-10 13:30:00','2026-02-10 14:30:00'),
(19,4,30,210,'WATCHING',120,'2026-02-10 14:45:00',NULL,'2026-02-10 13:45:00','2026-02-10 14:45:00'),
(20,5,37,217,'COMPLETED',3600,'2026-02-10 15:00:00','2026-02-10 15:05:00','2026-02-10 14:00:00','2026-02-10 15:00:00'),
(21,1,34,214,'WATCHING',1200,'2026-02-10 15:15:00',NULL,'2026-02-10 14:15:00','2026-02-10 15:15:00'),
(22,9,66,246,'COMPLETED',500,'2026-02-10 15:30:00','2026-02-10 15:35:00','2026-02-10 14:30:00','2026-02-10 15:30:00'),
(23,4,93,273,'WATCHING',1200,'2026-02-10 15:45:00',NULL,'2026-02-10 14:45:00','2026-02-10 15:45:00'),
(24,7,78,258,'COMPLETED',5400,'2026-02-10 16:00:00','2026-02-10 16:05:00','2026-02-10 15:00:00','2026-02-10 16:00:00'),
(25,1,16,151,'WATCHING',500,'2026-02-10 16:15:00',NULL,'2026-02-10 15:15:00','2026-02-10 16:15:00'),
(26,4,47,227,'COMPLETED',5400,'2026-02-10 16:30:00','2026-02-10 16:35:00','2026-02-10 15:30:00','2026-02-10 16:30:00'),
(27,6,66,246,'WATCHING',500,'2026-02-10 16:45:00',NULL,'2026-02-10 15:45:00','2026-02-10 16:45:00'),
(28,2,80,260,'COMPLETED',1200,'2026-02-10 17:00:00','2026-02-10 17:05:00','2026-02-10 16:00:00','2026-02-10 17:00:00'),
(29,3,76,256,'WATCHING',120,'2026-02-10 17:15:00',NULL,'2026-02-10 16:15:00','2026-02-10 17:15:00'),
(30,10,3,27,'COMPLETED',5400,'2026-02-10 17:30:00','2026-02-10 17:35:00','2026-02-10 16:30:00','2026-02-10 17:30:00'),
(31,5,4,33,'WATCHING',1200,'2026-02-10 17:45:00',NULL,'2026-02-10 16:45:00','2026-02-10 17:45:00'),
(32,5,35,215,'COMPLETED',120,'2026-02-10 18:00:00','2026-02-10 18:05:00','2026-02-10 17:00:00','2026-02-10 18:00:00'),
(33,5,61,241,'WATCHING',120,'2026-02-10 18:15:00',NULL,'2026-02-10 17:15:00','2026-02-10 18:15:00'),
(34,1,41,221,'COMPLETED',1200,'2026-02-10 18:30:00','2026-02-10 18:35:00','2026-02-10 17:30:00','2026-02-10 18:30:00'),
(35,8,4,32,'WATCHING',1200,'2026-02-10 18:45:00',NULL,'2026-02-10 17:45:00','2026-02-10 18:45:00'),
(36,2,63,243,'COMPLETED',5400,'2026-02-10 19:00:00','2026-02-10 19:05:00','2026-02-10 18:00:00','2026-02-10 19:00:00'),
(37,3,44,224,'WATCHING',500,'2026-02-10 19:15:00',NULL,'2026-02-10 18:15:00','2026-02-10 19:15:00'),
(38,1,50,230,'COMPLETED',120,'2026-02-10 19:30:00','2026-02-10 19:35:00','2026-02-10 18:30:00','2026-02-10 19:30:00'),
(39,2,55,235,'WATCHING',5400,'2026-02-10 19:45:00',NULL,'2026-02-10 18:45:00','2026-02-10 19:45:00'),
(40,4,88,268,'COMPLETED',5400,'2026-02-10 20:00:00','2026-02-10 20:05:00','2026-02-10 19:00:00','2026-02-10 20:00:00'),
(41,2,71,251,'WATCHING',500,'2026-02-10 20:15:00',NULL,'2026-02-10 19:15:00','2026-02-10 20:15:00'),
(42,3,63,243,'COMPLETED',500,'2026-02-10 20:30:00','2026-02-10 20:35:00','2026-02-10 19:30:00','2026-02-10 20:30:00'),
(43,2,22,202,'WATCHING',120,'2026-02-10 20:45:00',NULL,'2026-02-10 19:45:00','2026-02-10 20:45:00'),
(44,10,75,255,'COMPLETED',1200,'2026-02-10 21:00:00','2026-02-10 21:05:00','2026-02-10 20:00:00','2026-02-10 21:00:00'),
(45,3,91,271,'WATCHING',3600,'2026-02-10 21:15:00',NULL,'2026-02-10 20:15:00','2026-02-10 21:15:00'),
(46,6,27,207,'COMPLETED',5400,'2026-02-10 21:30:00','2026-02-10 21:35:00','2026-02-10 20:30:00','2026-02-10 21:30:00'),
(47,10,9,89,'WATCHING',1200,'2026-02-10 21:45:00',NULL,'2026-02-10 20:45:00','2026-02-10 21:45:00'),
(48,6,77,257,'COMPLETED',500,'2026-02-10 22:00:00','2026-02-10 22:05:00','2026-02-10 21:00:00','2026-02-10 22:00:00'),
(49,6,54,234,'WATCHING',3600,'2026-02-10 22:15:00',NULL,'2026-02-10 21:15:00','2026-02-10 22:15:00'),
(50,2,83,263,'COMPLETED',1200,'2026-02-10 22:30:00','2026-02-10 22:35:00','2026-02-10 21:30:00','2026-02-10 22:30:00'),
(51,8,7,69,'WATCHING',1200,'2026-02-10 22:45:00',NULL,'2026-02-10 21:45:00','2026-02-10 22:45:00'),
(52,8,2,11,'COMPLETED',500,'2026-02-10 23:00:00','2026-02-10 23:05:00','2026-02-10 22:00:00','2026-02-10 23:00:00'),
(53,10,65,245,'WATCHING',3600,'2026-02-10 23:15:00',NULL,'2026-02-10 22:15:00','2026-02-10 23:15:00'),
(54,5,44,224,'COMPLETED',1200,'2026-02-10 23:30:00','2026-02-10 23:35:00','2026-02-10 22:30:00','2026-02-10 23:30:00'),
(55,2,47,227,'WATCHING',3600,'2026-02-10 23:45:00',NULL,'2026-02-10 22:45:00','2026-02-10 23:45:00'),
(56,3,100,280,'COMPLETED',500,'2026-02-11 00:00:00','2026-02-11 00:05:00','2026-02-10 23:00:00','2026-02-11 00:00:00'),
(57,1,72,252,'WATCHING',1200,'2026-02-11 00:15:00',NULL,'2026-02-10 23:15:00','2026-02-11 00:15:00'),
(58,1,77,257,'COMPLETED',500,'2026-02-11 00:30:00','2026-02-11 00:35:00','2026-02-10 23:30:00','2026-02-11 00:30:00'),
(59,6,68,248,'WATCHING',1200,'2026-02-11 00:45:00',NULL,'2026-02-10 23:45:00','2026-02-11 00:45:00'),
(60,6,82,262,'COMPLETED',3600,'2026-02-11 01:00:00','2026-02-11 01:05:00','2026-02-11 00:00:00','2026-02-11 01:00:00'),
(61,7,86,266,'WATCHING',3600,'2026-02-11 01:15:00',NULL,'2026-02-11 00:15:00','2026-02-11 01:15:00'),
(62,1,13,122,'COMPLETED',1200,'2026-02-11 01:30:00','2026-02-11 01:35:00','2026-02-11 00:30:00','2026-02-11 01:30:00'),
(63,9,81,261,'WATCHING',5400,'2026-02-11 01:45:00',NULL,'2026-02-11 00:45:00','2026-02-11 01:45:00'),
(64,5,2,11,'COMPLETED',5400,'2026-02-11 02:00:00','2026-02-11 02:05:00','2026-02-11 01:00:00','2026-02-11 02:00:00'),
(65,10,40,220,'WATCHING',3600,'2026-02-11 02:15:00',NULL,'2026-02-11 01:15:00','2026-02-11 02:15:00'),
(66,2,30,210,'COMPLETED',500,'2026-02-11 02:30:00','2026-02-11 02:35:00','2026-02-11 01:30:00','2026-02-11 02:30:00'),
(67,4,66,246,'WATCHING',1200,'2026-02-11 02:45:00',NULL,'2026-02-11 01:45:00','2026-02-11 02:45:00'),
(68,9,39,219,'COMPLETED',1200,'2026-02-11 03:00:00','2026-02-11 03:05:00','2026-02-11 02:00:00','2026-02-11 03:00:00'),
(69,2,84,264,'WATCHING',500,'2026-02-11 03:15:00',NULL,'2026-02-11 02:15:00','2026-02-11 03:15:00'),
(70,9,3,27,'COMPLETED',1200,'2026-02-11 03:30:00','2026-02-11 03:35:00','2026-02-11 02:30:00','2026-02-11 03:30:00'),
(71,8,42,222,'WATCHING',120,'2026-02-11 03:45:00',NULL,'2026-02-11 02:45:00','2026-02-11 03:45:00'),
(72,3,7,62,'COMPLETED',500,'2026-02-11 04:00:00','2026-02-11 04:05:00','2026-02-11 03:00:00','2026-02-11 04:00:00'),
(73,9,8,75,'WATCHING',120,'2026-02-11 04:15:00',NULL,'2026-02-11 03:15:00','2026-02-11 04:15:00'),
(74,3,18,172,'COMPLETED',1200,'2026-02-11 04:30:00','2026-02-11 04:35:00','2026-02-11 03:30:00','2026-02-11 04:30:00'),
(75,8,43,223,'WATCHING',1200,'2026-02-11 04:45:00',NULL,'2026-02-11 03:45:00','2026-02-11 04:45:00'),
(76,7,94,274,'COMPLETED',3600,'2026-02-11 05:00:00','2026-02-11 05:05:00','2026-02-11 04:00:00','2026-02-11 05:00:00'),
(77,2,31,211,'WATCHING',500,'2026-02-11 05:15:00',NULL,'2026-02-11 04:15:00','2026-02-11 05:15:00'),
(78,4,9,85,'COMPLETED',3600,'2026-02-11 05:30:00','2026-02-11 05:35:00','2026-02-11 04:30:00','2026-02-11 05:30:00'),
(79,7,21,201,'WATCHING',5400,'2026-02-11 05:45:00',NULL,'2026-02-11 04:45:00','2026-02-11 05:45:00'),
(80,10,92,272,'COMPLETED',1200,'2026-02-11 06:00:00','2026-02-11 06:05:00','2026-02-11 05:00:00','2026-02-11 06:00:00'),
(81,6,3,23,'WATCHING',1200,'2026-02-11 06:15:00',NULL,'2026-02-11 05:15:00','2026-02-11 06:15:00'),
(82,5,3,21,'COMPLETED',1200,'2026-02-11 06:30:00','2026-02-11 06:35:00','2026-02-11 05:30:00','2026-02-11 06:30:00'),
(83,10,8,75,'WATCHING',120,'2026-02-11 06:45:00',NULL,'2026-02-11 05:45:00','2026-02-11 06:45:00'),
(84,3,86,266,'COMPLETED',3600,'2026-02-11 07:00:00','2026-02-11 07:05:00','2026-02-11 06:00:00','2026-02-11 07:00:00'),
(85,3,48,228,'WATCHING',3600,'2026-02-11 07:15:00',NULL,'2026-02-11 06:15:00','2026-02-11 07:15:00'),
(86,10,49,229,'COMPLETED',120,'2026-02-11 07:30:00','2026-02-11 07:35:00','2026-02-11 06:30:00','2026-02-11 07:30:00'),
(87,6,1,7,'WATCHING',120,'2026-02-11 07:45:00',NULL,'2026-02-11 06:45:00','2026-02-11 07:45:00'),
(88,6,74,254,'COMPLETED',500,'2026-02-11 08:00:00','2026-02-11 08:05:00','2026-02-11 07:00:00','2026-02-11 08:00:00'),
(89,7,69,249,'WATCHING',500,'2026-02-11 08:15:00',NULL,'2026-02-11 07:15:00','2026-02-11 08:15:00'),
(90,4,84,264,'COMPLETED',500,'2026-02-11 08:30:00','2026-02-11 08:35:00','2026-02-11 07:30:00','2026-02-11 08:30:00'),
(91,9,40,220,'WATCHING',5400,'2026-02-11 08:45:00',NULL,'2026-02-11 07:45:00','2026-02-11 08:45:00'),
(92,10,37,217,'COMPLETED',5400,'2026-02-11 09:00:00','2026-02-11 09:05:00','2026-02-11 08:00:00','2026-02-11 09:00:00'),
(93,7,30,210,'WATCHING',3600,'2026-02-11 09:15:00',NULL,'2026-02-11 08:15:00','2026-02-11 09:15:00'),
(94,6,76,256,'COMPLETED',500,'2026-02-11 09:30:00','2026-02-11 09:35:00','2026-02-11 08:30:00','2026-02-11 09:30:00'),
(95,6,90,270,'WATCHING',500,'2026-02-11 09:45:00',NULL,'2026-02-11 08:45:00','2026-02-11 09:45:00'),
(96,5,38,218,'COMPLETED',120,'2026-02-11 10:00:00','2026-02-11 10:05:00','2026-02-11 09:00:00','2026-02-11 10:00:00'),
(97,4,74,254,'WATCHING',1200,'2026-02-11 10:15:00',NULL,'2026-02-11 09:15:00','2026-02-11 10:15:00'),
(98,8,6,54,'COMPLETED',3600,'2026-02-11 10:30:00','2026-02-11 10:35:00','2026-02-11 09:30:00','2026-02-11 10:30:00'),
(99,6,38,218,'WATCHING',5400,'2026-02-11 10:45:00',NULL,'2026-02-11 09:45:00','2026-02-11 10:45:00'),
(100,5,19,183,'COMPLETED',3600,'2026-02-11 11:00:00','2026-02-11 11:05:00','2026-02-11 10:00:00','2026-02-11 11:00:00'),
(101,3,99,279,'WATCHING',1200,'2026-02-11 11:15:00',NULL,'2026-02-11 10:15:00','2026-02-11 11:15:00'),
(102,7,84,264,'COMPLETED',500,'2026-02-11 11:30:00','2026-02-11 11:35:00','2026-02-11 10:30:00','2026-02-11 11:30:00'),
(103,1,92,272,'WATCHING',5400,'2026-02-11 11:45:00',NULL,'2026-02-11 10:45:00','2026-02-11 11:45:00'),
(104,8,88,268,'COMPLETED',1200,'2026-02-11 12:00:00','2026-02-11 12:05:00','2026-02-11 11:00:00','2026-02-11 12:00:00'),
(105,7,44,224,'WATCHING',1200,'2026-02-11 12:15:00',NULL,'2026-02-11 11:15:00','2026-02-11 12:15:00'),
(106,7,99,279,'COMPLETED',5400,'2026-02-11 12:30:00','2026-02-11 12:35:00','2026-02-11 11:30:00','2026-02-11 12:30:00'),
(107,3,89,269,'WATCHING',3600,'2026-02-11 12:45:00',NULL,'2026-02-11 11:45:00','2026-02-11 12:45:00'),
(108,1,43,223,'COMPLETED',120,'2026-02-11 13:00:00','2026-02-11 13:05:00','2026-02-11 12:00:00','2026-02-11 13:00:00'),
(109,2,99,279,'WATCHING',5400,'2026-02-11 13:15:00',NULL,'2026-02-11 12:15:00','2026-02-11 13:15:00'),
(110,6,86,266,'COMPLETED',500,'2026-02-11 13:30:00','2026-02-11 13:35:00','2026-02-11 12:30:00','2026-02-11 13:30:00'),
(111,2,5,46,'WATCHING',5400,'2026-02-11 13:45:00',NULL,'2026-02-11 12:45:00','2026-02-11 13:45:00'),
(112,6,12,118,'COMPLETED',1200,'2026-02-11 14:00:00','2026-02-11 14:05:00','2026-02-11 13:00:00','2026-02-11 14:00:00'),
(113,10,38,218,'WATCHING',5400,'2026-02-11 14:15:00',NULL,'2026-02-11 13:15:00','2026-02-11 14:15:00'),
(114,8,30,210,'COMPLETED',500,'2026-02-11 14:30:00','2026-02-11 14:35:00','2026-02-11 13:30:00','2026-02-11 14:30:00'),
(115,2,42,222,'WATCHING',1200,'2026-02-11 14:45:00',NULL,'2026-02-11 13:45:00','2026-02-11 14:45:00'),
(116,9,36,216,'COMPLETED',3600,'2026-02-11 15:00:00','2026-02-11 15:05:00','2026-02-11 14:00:00','2026-02-11 15:00:00'),
(117,10,79,259,'WATCHING',1200,'2026-02-11 15:15:00',NULL,'2026-02-11 14:15:00','2026-02-11 15:15:00'),
(118,10,90,270,'COMPLETED',500,'2026-02-11 15:30:00','2026-02-11 15:35:00','2026-02-11 14:30:00','2026-02-11 15:30:00'),
(119,7,58,238,'WATCHING',1200,'2026-02-11 15:45:00',NULL,'2026-02-11 14:45:00','2026-02-11 15:45:00'),
(120,4,89,269,'COMPLETED',5400,'2026-02-11 16:00:00','2026-02-11 16:05:00','2026-02-11 15:00:00','2026-02-11 16:00:00'),
(121,9,47,227,'WATCHING',500,'2026-02-11 16:15:00',NULL,'2026-02-11 15:15:00','2026-02-11 16:15:00'),
(122,2,41,221,'COMPLETED',5400,'2026-02-11 16:30:00','2026-02-11 16:35:00','2026-02-11 15:30:00','2026-02-11 16:30:00'),
(123,4,82,262,'WATCHING',120,'2026-02-11 16:45:00',NULL,'2026-02-11 15:45:00','2026-02-11 16:45:00'),
(124,3,27,207,'COMPLETED',500,'2026-02-11 17:00:00','2026-02-11 17:05:00','2026-02-11 16:00:00','2026-02-11 17:00:00'),
(125,5,42,222,'WATCHING',1200,'2026-02-11 17:15:00',NULL,'2026-02-11 16:15:00','2026-02-11 17:15:00'),
(126,8,51,231,'COMPLETED',120,'2026-02-11 17:30:00','2026-02-11 17:35:00','2026-02-11 16:30:00','2026-02-11 17:30:00'),
(127,1,70,250,'WATCHING',1200,'2026-02-11 17:45:00',NULL,'2026-02-11 16:45:00','2026-02-11 17:45:00'),
(128,10,74,254,'COMPLETED',1200,'2026-02-11 18:00:00','2026-02-11 18:05:00','2026-02-11 17:00:00','2026-02-11 18:00:00'),
(129,9,73,253,'WATCHING',3600,'2026-02-11 18:15:00',NULL,'2026-02-11 17:15:00','2026-02-11 18:15:00'),
(130,4,6,54,'COMPLETED',3600,'2026-02-11 18:30:00','2026-02-11 18:35:00','2026-02-11 17:30:00','2026-02-11 18:30:00'),
(131,3,10,91,'WATCHING',120,'2026-02-11 18:45:00',NULL,'2026-02-11 17:45:00','2026-02-11 18:45:00'),
(132,6,35,215,'COMPLETED',3600,'2026-02-11 19:00:00','2026-02-11 19:05:00','2026-02-11 18:00:00','2026-02-11 19:00:00'),
(133,1,8,75,'WATCHING',500,'2026-02-11 19:15:00',NULL,'2026-02-11 18:15:00','2026-02-11 19:15:00'),
(134,8,83,263,'COMPLETED',1200,'2026-02-11 19:30:00','2026-02-11 19:35:00','2026-02-11 18:30:00','2026-02-11 19:30:00'),
(135,10,85,265,'WATCHING',500,'2026-02-11 19:45:00',NULL,'2026-02-11 18:45:00','2026-02-11 19:45:00'),
(136,3,15,142,'COMPLETED',3600,'2026-02-11 20:00:00','2026-02-11 20:05:00','2026-02-11 19:00:00','2026-02-11 20:00:00'),
(137,8,62,242,'WATCHING',5400,'2026-02-11 20:15:00',NULL,'2026-02-11 19:15:00','2026-02-11 20:15:00'),
(138,4,58,238,'COMPLETED',3600,'2026-02-11 20:30:00','2026-02-11 20:35:00','2026-02-11 19:30:00','2026-02-11 20:30:00'),
(139,3,71,251,'WATCHING',5400,'2026-02-11 20:45:00',NULL,'2026-02-11 19:45:00','2026-02-11 20:45:00'),
(140,5,15,145,'COMPLETED',500,'2026-02-11 21:00:00','2026-02-11 21:05:00','2026-02-11 20:00:00','2026-02-11 21:00:00'),
(141,6,36,216,'WATCHING',1200,'2026-02-11 21:15:00',NULL,'2026-02-11 20:15:00','2026-02-11 21:15:00'),
(142,5,70,250,'COMPLETED',3600,'2026-02-11 21:30:00','2026-02-11 21:35:00','2026-02-11 20:30:00','2026-02-11 21:30:00'),
(143,10,70,250,'WATCHING',1200,'2026-02-11 21:45:00',NULL,'2026-02-11 20:45:00','2026-02-11 21:45:00'),
(144,3,81,261,'COMPLETED',120,'2026-02-11 22:00:00','2026-02-11 22:05:00','2026-02-11 21:00:00','2026-02-11 22:00:00'),
(145,2,27,207,'WATCHING',1200,'2026-02-11 22:15:00',NULL,'2026-02-11 21:15:00','2026-02-11 22:15:00'),
(146,8,52,232,'COMPLETED',500,'2026-02-11 22:30:00','2026-02-11 22:35:00','2026-02-11 21:30:00','2026-02-11 22:30:00'),
(147,7,9,83,'WATCHING',1200,'2026-02-11 22:45:00',NULL,'2026-02-11 21:45:00','2026-02-11 22:45:00'),
(148,8,67,247,'COMPLETED',120,'2026-02-11 23:00:00','2026-02-11 23:05:00','2026-02-11 22:00:00','2026-02-11 23:00:00'),
(149,10,54,234,'WATCHING',1200,'2026-02-11 23:15:00',NULL,'2026-02-11 22:15:00','2026-02-11 23:15:00'),
(150,7,45,225,'COMPLETED',3600,'2026-02-11 23:30:00','2026-02-11 23:35:00','2026-02-11 22:30:00','2026-02-11 23:30:00'),
(151,8,78,258,'WATCHING',3600,'2026-02-11 23:45:00',NULL,'2026-02-11 22:45:00','2026-02-11 23:45:00'),
(152,7,12,118,'COMPLETED',500,'2026-02-12 00:00:00','2026-02-12 00:05:00','2026-02-11 23:00:00','2026-02-12 00:00:00'),
(153,9,84,264,'WATCHING',500,'2026-02-12 00:15:00',NULL,'2026-02-11 23:15:00','2026-02-12 00:15:00'),
(154,6,11,104,'COMPLETED',5400,'2026-02-12 00:30:00','2026-02-12 00:35:00','2026-02-11 23:30:00','2026-02-12 00:30:00'),
(155,7,77,257,'WATCHING',1200,'2026-02-12 00:45:00',NULL,'2026-02-11 23:45:00','2026-02-12 00:45:00'),
(156,2,77,257,'COMPLETED',1200,'2026-02-12 01:00:00','2026-02-12 01:05:00','2026-02-12 00:00:00','2026-02-12 01:00:00'),
(157,6,73,253,'WATCHING',3600,'2026-02-12 01:15:00',NULL,'2026-02-12 00:15:00','2026-02-12 01:15:00'),
(158,1,3,25,'COMPLETED',120,'2026-02-12 01:30:00','2026-02-12 01:35:00','2026-02-12 00:30:00','2026-02-12 01:30:00'),
(159,3,73,253,'WATCHING',3600,'2026-02-12 01:45:00',NULL,'2026-02-12 00:45:00','2026-02-12 01:45:00'),
(160,5,24,204,'COMPLETED',3600,'2026-02-12 02:00:00','2026-02-12 02:05:00','2026-02-12 01:00:00','2026-02-12 02:00:00'),
(161,8,12,118,'WATCHING',500,'2026-02-12 02:15:00',NULL,'2026-02-12 01:15:00','2026-02-12 02:15:00'),
(162,10,1,8,'COMPLETED',1200,'2026-02-12 02:30:00','2026-02-12 02:35:00','2026-02-12 01:30:00','2026-02-12 02:30:00'),
(163,8,94,274,'WATCHING',120,'2026-02-12 02:45:00',NULL,'2026-02-12 01:45:00','2026-02-12 02:45:00'),
(164,10,13,124,'COMPLETED',500,'2026-02-12 03:00:00','2026-02-12 03:05:00','2026-02-12 02:00:00','2026-02-12 03:00:00'),
(165,1,90,270,'WATCHING',3600,'2026-02-12 03:15:00',NULL,'2026-02-12 02:15:00','2026-02-12 03:15:00'),
(166,6,15,143,'COMPLETED',1200,'2026-02-12 03:30:00','2026-02-12 03:35:00','2026-02-12 02:30:00','2026-02-12 03:30:00'),
(167,4,90,270,'WATCHING',5400,'2026-02-12 03:45:00',NULL,'2026-02-12 02:45:00','2026-02-12 03:45:00'),
(168,2,69,249,'COMPLETED',120,'2026-02-12 04:00:00','2026-02-12 04:05:00','2026-02-12 03:00:00','2026-02-12 04:00:00'),
(169,4,3,27,'WATCHING',120,'2026-02-12 04:15:00',NULL,'2026-02-12 03:15:00','2026-02-12 04:15:00'),
(170,2,2,11,'COMPLETED',3600,'2026-02-12 04:30:00','2026-02-12 04:35:00','2026-02-12 03:30:00','2026-02-12 04:30:00'),
(171,1,32,212,'WATCHING',5400,'2026-02-12 04:45:00',NULL,'2026-02-12 03:45:00','2026-02-12 04:45:00'),
(172,3,40,220,'COMPLETED',3600,'2026-02-12 05:00:00','2026-02-12 05:05:00','2026-02-12 04:00:00','2026-02-12 05:00:00'),
(173,10,47,227,'WATCHING',5400,'2026-02-12 05:15:00',NULL,'2026-02-12 04:15:00','2026-02-12 05:15:00'),
(174,3,38,218,'COMPLETED',1200,'2026-02-12 05:30:00','2026-02-12 05:35:00','2026-02-12 04:30:00','2026-02-12 05:30:00'),
(175,10,4,35,'WATCHING',1200,'2026-02-12 05:45:00',NULL,'2026-02-12 04:45:00','2026-02-12 05:45:00'),
(176,9,21,201,'COMPLETED',5400,'2026-02-12 06:00:00','2026-02-12 06:05:00','2026-02-12 05:00:00','2026-02-12 06:00:00'),
(177,10,77,257,'WATCHING',1200,'2026-02-12 06:15:00',NULL,'2026-02-12 05:15:00','2026-02-12 06:15:00'),
(178,2,4,32,'COMPLETED',3600,'2026-02-12 06:30:00','2026-02-12 06:35:00','2026-02-12 05:30:00','2026-02-12 06:30:00'),
(179,8,34,214,'WATCHING',120,'2026-02-12 06:45:00',NULL,'2026-02-12 05:45:00','2026-02-12 06:45:00'),
(180,6,83,263,'COMPLETED',500,'2026-02-12 07:00:00','2026-02-12 07:05:00','2026-02-12 06:00:00','2026-02-12 07:00:00'),
(181,9,43,223,'WATCHING',3600,'2026-02-12 07:15:00',NULL,'2026-02-12 06:15:00','2026-02-12 07:15:00'),
(182,10,32,212,'COMPLETED',3600,'2026-02-12 07:30:00','2026-02-12 07:35:00','2026-02-12 06:30:00','2026-02-12 07:30:00'),
(183,1,99,279,'WATCHING',500,'2026-02-12 07:45:00',NULL,'2026-02-12 06:45:00','2026-02-12 07:45:00'),
(184,8,80,260,'COMPLETED',5400,'2026-02-12 08:00:00','2026-02-12 08:05:00','2026-02-12 07:00:00','2026-02-12 08:00:00'),
(185,5,43,223,'WATCHING',5400,'2026-02-12 08:15:00',NULL,'2026-02-12 07:15:00','2026-02-12 08:15:00'),
(186,10,88,268,'COMPLETED',3600,'2026-02-12 08:30:00','2026-02-12 08:35:00','2026-02-12 07:30:00','2026-02-12 08:30:00'),
(187,4,97,277,'WATCHING',1200,'2026-02-12 08:45:00',NULL,'2026-02-12 07:45:00','2026-02-12 08:45:00'),
(188,4,33,213,'COMPLETED',500,'2026-02-12 09:00:00','2026-02-12 09:05:00','2026-02-12 08:00:00','2026-02-12 09:00:00'),
(189,4,35,215,'WATCHING',500,'2026-02-12 09:15:00',NULL,'2026-02-12 08:15:00','2026-02-12 09:15:00'),
(190,1,10,93,'COMPLETED',3600,'2026-02-12 09:30:00','2026-02-12 09:35:00','2026-02-12 08:30:00','2026-02-12 09:30:00'),
(191,8,26,206,'WATCHING',3600,'2026-02-12 09:45:00',NULL,'2026-02-12 08:45:00','2026-02-12 09:45:00'),
(192,2,11,101,'COMPLETED',1200,'2026-02-12 10:00:00','2026-02-12 10:05:00','2026-02-12 09:00:00','2026-02-12 10:00:00'),
(193,4,8,71,'WATCHING',1200,'2026-02-12 10:15:00',NULL,'2026-02-12 09:15:00','2026-02-12 10:15:00'),
(194,5,64,244,'COMPLETED',3600,'2026-02-12 10:30:00','2026-02-12 10:35:00','2026-02-12 09:30:00','2026-02-12 10:30:00'),
(195,1,55,235,'WATCHING',3600,'2026-02-12 10:45:00',NULL,'2026-02-12 09:45:00','2026-02-12 10:45:00'),
(196,4,81,261,'COMPLETED',120,'2026-02-12 11:00:00','2026-02-12 11:05:00','2026-02-12 10:00:00','2026-02-12 11:00:00'),
(197,3,23,203,'WATCHING',3600,'2026-02-12 11:15:00',NULL,'2026-02-12 10:15:00','2026-02-12 11:15:00'),
(198,10,23,203,'COMPLETED',120,'2026-02-12 11:30:00','2026-02-12 11:35:00','2026-02-12 10:30:00','2026-02-12 11:30:00'),
(199,4,31,211,'WATCHING',1200,'2026-02-12 11:45:00',NULL,'2026-02-12 10:45:00','2026-02-12 11:45:00'),
(200,6,81,261,'COMPLETED',1200,'2026-02-12 12:00:00','2026-02-12 12:05:00','2026-02-12 11:00:00','2026-02-12 12:00:00'),
(201,3,92,272,'WATCHING',500,'2026-02-12 12:15:00',NULL,'2026-02-12 11:15:00','2026-02-12 12:15:00'),
(202,3,61,241,'COMPLETED',3600,'2026-02-12 12:30:00','2026-02-12 12:35:00','2026-02-12 11:30:00','2026-02-12 12:30:00'),
(203,7,34,214,'WATCHING',500,'2026-02-12 12:45:00',NULL,'2026-02-12 11:45:00','2026-02-12 12:45:00'),
(204,4,69,249,'COMPLETED',3600,'2026-02-12 13:00:00','2026-02-12 13:05:00','2026-02-12 12:00:00','2026-02-12 13:00:00'),
(205,2,43,223,'WATCHING',1200,'2026-02-12 13:15:00',NULL,'2026-02-12 12:15:00','2026-02-12 13:15:00'),
(206,10,33,213,'COMPLETED',500,'2026-02-12 13:30:00','2026-02-12 13:35:00','2026-02-12 12:30:00','2026-02-12 13:30:00'),
(207,6,13,130,'WATCHING',1200,'2026-02-12 13:45:00',NULL,'2026-02-12 12:45:00','2026-02-12 13:45:00'),
(208,6,7,69,'COMPLETED',5400,'2026-02-12 14:00:00','2026-02-12 14:05:00','2026-02-12 13:00:00','2026-02-12 14:00:00'),
(209,7,5,44,'WATCHING',1200,'2026-02-12 14:15:00',NULL,'2026-02-12 13:15:00','2026-02-12 14:15:00'),
(210,10,87,267,'COMPLETED',120,'2026-02-12 14:30:00','2026-02-12 14:35:00','2026-02-12 13:30:00','2026-02-12 14:30:00'),
(211,8,74,254,'WATCHING',3600,'2026-02-12 14:45:00',NULL,'2026-02-12 13:45:00','2026-02-12 14:45:00'),
(212,8,9,81,'COMPLETED',120,'2026-02-12 15:00:00','2026-02-12 15:05:00','2026-02-12 14:00:00','2026-02-12 15:00:00'),
(213,2,6,54,'WATCHING',500,'2026-02-12 15:15:00',NULL,'2026-02-12 14:15:00','2026-02-12 15:15:00'),
(214,1,85,265,'COMPLETED',3600,'2026-02-12 15:30:00','2026-02-12 15:35:00','2026-02-12 14:30:00','2026-02-12 15:30:00'),
(215,6,92,272,'WATCHING',5400,'2026-02-12 15:45:00',NULL,'2026-02-12 14:45:00','2026-02-12 15:45:00'),
(216,4,19,183,'COMPLETED',3600,'2026-02-12 16:00:00','2026-02-12 16:05:00','2026-02-12 15:00:00','2026-02-12 16:00:00'),
(217,3,25,205,'WATCHING',120,'2026-02-12 16:15:00',NULL,'2026-02-12 15:15:00','2026-02-12 16:15:00'),
(218,6,28,208,'COMPLETED',500,'2026-02-12 16:30:00','2026-02-12 16:35:00','2026-02-12 15:30:00','2026-02-12 16:30:00'),
(219,6,64,244,'WATCHING',120,'2026-02-12 16:45:00',NULL,'2026-02-12 15:45:00','2026-02-12 16:45:00'),
(220,1,37,217,'COMPLETED',1200,'2026-02-12 17:00:00','2026-02-12 17:05:00','2026-02-12 16:00:00','2026-02-12 17:00:00'),
(221,10,44,224,'WATCHING',1200,'2026-02-12 17:15:00',NULL,'2026-02-12 16:15:00','2026-02-12 17:15:00'),
(222,6,100,280,'COMPLETED',5400,'2026-02-12 17:30:00','2026-02-12 17:35:00','2026-02-12 16:30:00','2026-02-12 17:30:00'),
(223,6,60,240,'WATCHING',1200,'2026-02-12 17:45:00',NULL,'2026-02-12 16:45:00','2026-02-12 17:45:00'),
(224,1,40,220,'COMPLETED',3600,'2026-02-12 18:00:00','2026-02-12 18:05:00','2026-02-12 17:00:00','2026-02-12 18:00:00'),
(225,5,83,263,'WATCHING',1200,'2026-02-12 18:15:00',NULL,'2026-02-12 17:15:00','2026-02-12 18:15:00'),
(226,3,13,124,'COMPLETED',5400,'2026-02-12 18:30:00','2026-02-12 18:35:00','2026-02-12 17:30:00','2026-02-12 18:30:00'),
(227,6,79,259,'WATCHING',1200,'2026-02-12 18:45:00',NULL,'2026-02-12 17:45:00','2026-02-12 18:45:00'),
(228,8,69,249,'COMPLETED',1200,'2026-02-12 19:00:00','2026-02-12 19:05:00','2026-02-12 18:00:00','2026-02-12 19:00:00'),
(229,1,4,33,'WATCHING',500,'2026-02-12 19:15:00',NULL,'2026-02-12 18:15:00','2026-02-12 19:15:00'),
(230,2,21,201,'COMPLETED',500,'2026-02-12 19:30:00','2026-02-12 19:35:00','2026-02-12 18:30:00','2026-02-12 19:30:00'),
(231,1,38,218,'WATCHING',120,'2026-02-12 19:45:00',NULL,'2026-02-12 18:45:00','2026-02-12 19:45:00'),
(232,8,28,208,'COMPLETED',5400,'2026-02-12 20:00:00','2026-02-12 20:05:00','2026-02-12 19:00:00','2026-02-12 20:00:00'),
(233,4,80,260,'WATCHING',3600,'2026-02-12 20:15:00',NULL,'2026-02-12 19:15:00','2026-02-12 20:15:00'),
(234,4,72,252,'COMPLETED',1200,'2026-02-12 20:30:00','2026-02-12 20:35:00','2026-02-12 19:30:00','2026-02-12 20:30:00'),
(235,9,88,268,'WATCHING',1200,'2026-02-12 20:45:00',NULL,'2026-02-12 19:45:00','2026-02-12 20:45:00'),
(236,10,34,214,'COMPLETED',3600,'2026-02-12 21:00:00','2026-02-12 21:05:00','2026-02-12 20:00:00','2026-02-12 21:00:00'),
(237,3,9,83,'WATCHING',500,'2026-02-12 21:15:00',NULL,'2026-02-12 20:15:00','2026-02-12 21:15:00'),
(238,6,71,251,'COMPLETED',1200,'2026-02-12 21:30:00','2026-02-12 21:35:00','2026-02-12 20:30:00','2026-02-12 21:30:00'),
(239,7,62,242,'WATCHING',500,'2026-02-12 21:45:00',NULL,'2026-02-12 20:45:00','2026-02-12 21:45:00'),
(240,6,16,152,'COMPLETED',120,'2026-02-12 22:00:00','2026-02-12 22:05:00','2026-02-12 21:00:00','2026-02-12 22:00:00'),
(241,10,94,274,'WATCHING',120,'2026-02-12 22:15:00',NULL,'2026-02-12 21:15:00','2026-02-12 22:15:00'),
(242,5,7,64,'COMPLETED',5400,'2026-02-12 22:30:00','2026-02-12 22:35:00','2026-02-12 21:30:00','2026-02-12 22:30:00'),
(243,3,14,136,'WATCHING',120,'2026-02-12 22:45:00',NULL,'2026-02-12 21:45:00','2026-02-12 22:45:00'),
(244,1,88,268,'COMPLETED',3600,'2026-02-12 23:00:00','2026-02-12 23:05:00','2026-02-12 22:00:00','2026-02-12 23:00:00'),
(245,6,33,213,'WATCHING',1200,'2026-02-12 23:15:00',NULL,'2026-02-12 22:15:00','2026-02-12 23:15:00'),
(246,1,5,43,'COMPLETED',120,'2026-02-12 23:30:00','2026-02-12 23:35:00','2026-02-12 22:30:00','2026-02-12 23:30:00'),
(247,1,14,132,'WATCHING',1200,'2026-02-12 23:45:00',NULL,'2026-02-12 22:45:00','2026-02-12 23:45:00'),
(248,3,8,75,'COMPLETED',500,'2026-02-13 00:00:00','2026-02-13 00:05:00','2026-02-12 23:00:00','2026-02-13 00:00:00'),
(249,10,30,210,'WATCHING',500,'2026-02-13 00:15:00',NULL,'2026-02-12 23:15:00','2026-02-13 00:15:00'),
(250,5,34,214,'COMPLETED',120,'2026-02-13 00:30:00','2026-02-13 00:35:00','2026-02-12 23:30:00','2026-02-13 00:30:00'),
(251,2,58,238,'WATCHING',5400,'2026-02-13 00:45:00',NULL,'2026-02-12 23:45:00','2026-02-13 00:45:00'),
(252,7,1,4,'COMPLETED',5400,'2026-02-13 01:00:00','2026-02-13 01:05:00','2026-02-13 00:00:00','2026-02-13 01:00:00'),
(253,3,5,44,'WATCHING',1200,'2026-02-13 01:15:00',NULL,'2026-02-13 00:15:00','2026-02-13 01:15:00'),
(254,4,64,244,'COMPLETED',5400,'2026-02-13 01:30:00','2026-02-13 01:35:00','2026-02-13 00:30:00','2026-02-13 01:30:00'),
(255,10,5,49,'WATCHING',1200,'2026-02-13 01:45:00',NULL,'2026-02-13 00:45:00','2026-02-13 01:45:00'),
(256,6,10,95,'COMPLETED',500,'2026-02-13 02:00:00','2026-02-13 02:05:00','2026-02-13 01:00:00','2026-02-13 02:00:00'),
(257,3,56,236,'WATCHING',3600,'2026-02-13 02:15:00',NULL,'2026-02-13 01:15:00','2026-02-13 02:15:00'),
(258,4,43,223,'COMPLETED',500,'2026-02-13 02:30:00','2026-02-13 02:35:00','2026-02-13 01:30:00','2026-02-13 02:30:00'),
(259,5,10,95,'WATCHING',3600,'2026-02-13 02:45:00',NULL,'2026-02-13 01:45:00','2026-02-13 02:45:00'),
(260,3,97,277,'COMPLETED',3600,'2026-02-13 03:00:00','2026-02-13 03:05:00','2026-02-13 02:00:00','2026-02-13 03:00:00'),
(261,9,41,221,'WATCHING',1200,'2026-02-13 03:15:00',NULL,'2026-02-13 02:15:00','2026-02-13 03:15:00'),
(262,4,48,228,'COMPLETED',5400,'2026-02-13 03:30:00','2026-02-13 03:35:00','2026-02-13 02:30:00','2026-02-13 03:30:00'),
(263,3,1,9,'WATCHING',500,'2026-02-13 03:45:00',NULL,'2026-02-13 02:45:00','2026-02-13 03:45:00'),
(264,8,81,261,'COMPLETED',5400,'2026-02-13 04:00:00','2026-02-13 04:05:00','2026-02-13 03:00:00','2026-02-13 04:00:00'),
(265,5,8,75,'WATCHING',5400,'2026-02-13 04:15:00',NULL,'2026-02-13 03:15:00','2026-02-13 04:15:00'),
(266,4,2,11,'COMPLETED',5400,'2026-02-13 04:30:00','2026-02-13 04:35:00','2026-02-13 03:30:00','2026-02-13 04:30:00'),
(267,8,68,248,'WATCHING',5400,'2026-02-13 04:45:00',NULL,'2026-02-13 03:45:00','2026-02-13 04:45:00'),
(268,7,74,254,'COMPLETED',3600,'2026-02-13 05:00:00','2026-02-13 05:05:00','2026-02-13 04:00:00','2026-02-13 05:00:00'),
(269,7,39,219,'WATCHING',120,'2026-02-13 05:15:00',NULL,'2026-02-13 04:15:00','2026-02-13 05:15:00'),
(270,1,18,176,'COMPLETED',500,'2026-02-13 05:30:00','2026-02-13 05:35:00','2026-02-13 04:30:00','2026-02-13 05:30:00'),
(271,2,53,233,'WATCHING',120,'2026-02-13 05:45:00',NULL,'2026-02-13 04:45:00','2026-02-13 05:45:00'),
(272,3,69,249,'COMPLETED',5400,'2026-02-13 06:00:00','2026-02-13 06:05:00','2026-02-13 05:00:00','2026-02-13 06:00:00'),
(273,2,64,244,'WATCHING',500,'2026-02-13 06:15:00',NULL,'2026-02-13 05:15:00','2026-02-13 06:15:00'),
(274,7,33,213,'COMPLETED',3600,'2026-02-13 06:30:00','2026-02-13 06:35:00','2026-02-13 05:30:00','2026-02-13 06:30:00'),
(275,5,25,205,'WATCHING',5400,'2026-02-13 06:45:00',NULL,'2026-02-13 05:45:00','2026-02-13 06:45:00'),
(276,4,94,274,'COMPLETED',1200,'2026-02-13 07:00:00','2026-02-13 07:05:00','2026-02-13 06:00:00','2026-02-13 07:00:00'),
(277,10,7,67,'WATCHING',1200,'2026-02-13 07:15:00',NULL,'2026-02-13 06:15:00','2026-02-13 07:15:00'),
(278,9,38,218,'COMPLETED',500,'2026-02-13 07:30:00','2026-02-13 07:35:00','2026-02-13 06:30:00','2026-02-13 07:30:00'),
(279,1,47,227,'WATCHING',120,'2026-02-13 07:45:00',NULL,'2026-02-13 06:45:00','2026-02-13 07:45:00'),
(280,10,50,230,'COMPLETED',500,'2026-02-13 08:00:00','2026-02-13 08:05:00','2026-02-13 07:00:00','2026-02-13 08:00:00'),
(281,4,15,148,'WATCHING',120,'2026-02-13 08:15:00',NULL,'2026-02-13 07:15:00','2026-02-13 08:15:00'),
(282,10,55,235,'COMPLETED',5400,'2026-02-13 08:30:00','2026-02-13 08:35:00','2026-02-13 07:30:00','2026-02-13 08:30:00'),
(283,2,62,242,'WATCHING',500,'2026-02-13 08:45:00',NULL,'2026-02-13 07:45:00','2026-02-13 08:45:00'),
(284,8,82,262,'COMPLETED',3600,'2026-02-13 09:00:00','2026-02-13 09:05:00','2026-02-13 08:00:00','2026-02-13 09:00:00'),
(285,1,15,147,'WATCHING',120,'2026-02-13 09:15:00',NULL,'2026-02-13 08:15:00','2026-02-13 09:15:00'),
(286,7,90,270,'COMPLETED',3600,'2026-02-13 09:30:00','2026-02-13 09:35:00','2026-02-13 08:30:00','2026-02-13 09:30:00'),
(287,1,64,244,'WATCHING',1200,'2026-02-13 09:45:00',NULL,'2026-02-13 08:45:00','2026-02-13 09:45:00'),
(288,5,1,6,'COMPLETED',1200,'2026-02-13 10:00:00','2026-02-13 10:05:00','2026-02-13 09:00:00','2026-02-13 10:00:00'),
(289,8,21,201,'WATCHING',120,'2026-02-13 10:15:00',NULL,'2026-02-13 09:15:00','2026-02-13 10:15:00'),
(290,1,12,111,'COMPLETED',3600,'2026-02-13 10:30:00','2026-02-13 10:35:00','2026-02-13 09:30:00','2026-02-13 10:30:00'),
(291,1,28,208,'WATCHING',1200,'2026-02-13 10:45:00',NULL,'2026-02-13 09:45:00','2026-02-13 10:45:00'),
(292,3,75,255,'COMPLETED',1200,'2026-02-13 11:00:00','2026-02-13 11:05:00','2026-02-13 10:00:00','2026-02-13 11:00:00'),
(293,7,6,54,'WATCHING',3600,'2026-02-13 11:15:00',NULL,'2026-02-13 10:15:00','2026-02-13 11:15:00'),
(294,2,24,204,'COMPLETED',120,'2026-02-13 11:30:00','2026-02-13 11:35:00','2026-02-13 10:30:00','2026-02-13 11:30:00'),
(295,3,90,270,'WATCHING',1200,'2026-02-13 11:45:00',NULL,'2026-02-13 10:45:00','2026-02-13 11:45:00'),
(296,8,57,237,'COMPLETED',120,'2026-02-13 12:00:00','2026-02-13 12:05:00','2026-02-13 11:00:00','2026-02-13 12:00:00'),
(297,1,74,254,'WATCHING',500,'2026-02-13 12:15:00',NULL,'2026-02-13 11:15:00','2026-02-13 12:15:00'),
(298,6,32,212,'COMPLETED',120,'2026-02-13 12:30:00','2026-02-13 12:35:00','2026-02-13 11:30:00','2026-02-13 12:30:00'),
(299,6,43,223,'WATCHING',500,'2026-02-13 12:45:00',NULL,'2026-02-13 11:45:00','2026-02-13 12:45:00'),
(300,5,77,257,'COMPLETED',500,'2026-02-13 13:00:00','2026-02-13 13:05:00','2026-02-13 12:00:00','2026-02-13 13:00:00');


SET FOREIGN_KEY_CHECKS = 1;